"","Code","Country","century","decade","year","height.cm","year_decade","height.in"
"1",40,"Austria","18","2","0",163.7,1820,64.4488188976378
"2",40,"Austria","18","3","0",163.4,1830,64.3307086614173
"3",40,"Austria","18","4","0",164.8,1840,64.8818897637795
"4",40,"Austria","18","5","0",165.8,1850,65.2755905511811
"5",40,"Austria","18","6","0",166.4,1860,65.511811023622
"6",40,"Austria","18","7","0",167.2,1870,65.8267716535433
"7",40,"Austria","18","8","0",167.7,1880,66.0236220472441
"8",40,"Austria","18","9","0",168.4,1890,66.2992125984252
"9",40,"Austria","19","0","0",168.9,1900,66.496062992126
"10",40,"Austria","19","1","0",168.9,1910,66.496062992126
"11",40,"Austria","19","2","0",170.4,1920,67.0866141732283
"12",40,"Austria","19","6","0",177,1960,69.6850393700787
"13",40,"Austria","19","7","0",177.5,1970,69.8818897637795
"14",40,"Austria","19","8","0",178.8,1980,70.3937007874016
"15",56,"Belgium","18","1","0",163.1,1810,64.2125984251968
"16",56,"Belgium","18","2","0",163.7,1820,64.4488188976378
"17",56,"Belgium","18","3","0",164,1830,64.5669291338583
"18",56,"Belgium","18","4","0",165.1,1840,65
"19",56,"Belgium","18","5","0",166.1,1850,65.3937007874016
"20",56,"Belgium","18","6","0",166.6,1860,65.5905511811024
"21",56,"Belgium","18","7","0",166.6,1870,65.5905511811024
"22",56,"Belgium","19","0","0",167.8,1900,66.0629921259843
"23",56,"Belgium","19","4","0",174.54,1940,68.7165354330709
"24",56,"Belgium","19","6","0",176.8,1960,69.6062992125984
"25",280,"Federal Republic of Germany (until 1990)","18","1","0",167.8,1810,66.0629921259843
"26",280,"Federal Republic of Germany (until 1990)","18","2","0",167.3,1820,65.8661417322835
"27",280,"Federal Republic of Germany (until 1990)","18","3","0",166.8,1830,65.6692913385827
"28",280,"Federal Republic of Germany (until 1990)","18","4","0",166.6,1840,65.5905511811024
"29",280,"Federal Republic of Germany (until 1990)","18","5","0",163.8,1850,64.488188976378
"30",280,"Federal Republic of Germany (until 1990)","18","6","0",165.5,1860,65.1574803149606
"31",280,"Federal Republic of Germany (until 1990)","18","7","0",166.9,1870,65.7086614173228
"32",280,"Federal Republic of Germany (until 1990)","18","8","0",167.9,1880,66.1023622047244
"33",280,"Federal Republic of Germany (until 1990)","18","9","0",168.6,1890,66.3779527559055
"34",280,"Federal Republic of Germany (until 1990)","19","0","0",169.2,1900,66.6141732283464
"35",280,"Federal Republic of Germany (until 1990)","19","1","0",170.5,1910,67.1259842519685
"36",280,"Federal Republic of Germany (until 1990)","19","2","0",173.3,1920,68.2283464566929
"37",280,"Federal Republic of Germany (until 1990)","19","3","0",174,1930,68.503937007874
"38",280,"Federal Republic of Germany (until 1990)","19","4","0",175.2,1940,68.9763779527559
"39",280,"Federal Republic of Germany (until 1990)","19","5","0",176.8,1950,69.6062992125984
"40",280,"Federal Republic of Germany (until 1990)","19","6","0",178.9,1960,70.4330708661417
"41",280,"Federal Republic of Germany (until 1990)","19","7","0",179.4,1970,70.6299212598425
"42",280,"Federal Republic of Germany (until 1990)","19","8","0",180.5,1980,71.0629921259843
"43",250,"France","18","1","0",163.9,1810,64.5275590551181
"44",250,"France","18","2","0",163.9,1820,64.5275590551181
"45",250,"France","18","3","0",164,1830,64.5669291338583
"46",250,"France","18","4","0",164.3,1840,64.6850393700787
"47",250,"France","18","5","0",165.2,1850,65.0393700787401
"48",250,"France","18","6","0",165.4,1860,65.1181102362205
"49",250,"France","18","7","0",165.5,1870,65.1574803149606
"50",250,"France","18","8","0",165.9,1880,65.3149606299213
"51",250,"France","18","9","0",166.1,1890,65.3937007874016
"52",250,"France","19","0","0",166.8,1900,65.6692913385827
"53",250,"France","19","1","0",167.8,1910,66.0629921259843
"54",250,"France","19","2","0",168.5,1920,66.3385826771653
"55",250,"France","19","3","0",169.9,1930,66.8897637795276
"56",250,"France","19","4","0",171.7,1940,67.5984251968504
"57",250,"France","19","5","0",173.175,1950,68.1791338582677
"58",250,"France","19","6","0",174.9,1960,68.8582677165354
"59",250,"France","19","7","0",175.1,1970,68.9370078740157
"60",250,"France","19","8","0",176.5,1980,69.488188976378
"61",276,"Germany","18","1","0",167.8,1810,66.0629921259843
"62",276,"Germany","18","2","0",167.3,1820,65.8661417322835
"63",276,"Germany","18","3","0",166.8,1830,65.6692913385827
"64",276,"Germany","18","4","0",166.6,1840,65.5905511811024
"65",276,"Germany","18","5","0",163.8,1850,64.488188976378
"66",276,"Germany","18","6","0",165.5,1860,65.1574803149606
"67",276,"Germany","18","7","0",166.9,1870,65.7086614173228
"68",276,"Germany","18","8","0",167.9,1880,66.1023622047244
"69",276,"Germany","18","9","0",168.6,1890,66.3779527559055
"70",276,"Germany","19","0","0",169.2,1900,66.6141732283464
"71",276,"Germany","19","1","0",170.5,1910,67.1259842519685
"72",276,"Germany","19","2","0",173.3,1920,68.2283464566929
"73",276,"Germany","19","3","0",174,1930,68.503937007874
"74",276,"Germany","19","4","0",175.2,1940,68.9763779527559
"75",276,"Germany","19","5","0",176.8,1950,69.6062992125984
"76",276,"Germany","19","6","0",178.9,1960,70.4330708661417
"77",276,"Germany","19","7","0",179.4,1970,70.6299212598425
"78",276,"Germany","19","8","0",180.5,1980,71.0629921259843
"79",528,"Netherlands","18","1","0",166,1810,65.3543307086614
"80",528,"Netherlands","18","2","0",165.1,1820,65
"81",528,"Netherlands","18","3","0",164.2,1830,64.6456692913386
"82",528,"Netherlands","18","4","0",164.5,1840,64.7637795275591
"83",528,"Netherlands","18","5","0",165.3,1850,65.0787401574803
"84",528,"Netherlands","18","6","0",166.5,1860,65.5511811023622
"85",528,"Netherlands","18","7","0",167.1,1870,65.7874015748031
"86",528,"Netherlands","18","8","0",168.5,1880,66.3385826771653
"87",528,"Netherlands","18","9","0",169.4,1890,66.6929133858268
"88",528,"Netherlands","19","0","0",170.9,1900,67.2834645669291
"89",528,"Netherlands","19","1","0",172.6,1910,67.9527559055118
"90",528,"Netherlands","19","2","0",173.5,1920,68.3070866141732
"91",528,"Netherlands","19","3","0",174.1,1930,68.5433070866142
"92",528,"Netherlands","19","4","0",177.5,1940,69.8818897637795
"93",528,"Netherlands","19","5","0",178.7,1950,70.3543307086614
"94",528,"Netherlands","19","6","0",182.2,1960,71.7322834645669
"95",528,"Netherlands","19","7","0",182.3,1970,71.7716535433071
"96",528,"Netherlands","19","8","0",182.7,1980,71.9291338582677
"97",756,"Switzerland","18","2","0",167.6,1820,65.9842519685039
"98",756,"Switzerland","18","3","0",166.3,1830,65.4724409448819
"99",756,"Switzerland","18","7","0",164.7,1870,64.8425196850394
"100",756,"Switzerland","18","8","0",166.8,1880,65.6692913385827
"101",756,"Switzerland","18","9","0",170.5,1890,67.1259842519685
"102",756,"Switzerland","19","0","0",170.462,1900,67.1110236220472
"103",756,"Switzerland","19","1","0",171.506,1910,67.5220472440945
"104",756,"Switzerland","19","2","0",170.9,1920,67.2834645669291
"105",756,"Switzerland","19","3","0",171.3,1930,67.4409448818898
"106",208,"Denmark","18","2","0",166.95,1820,65.7283464566929
"107",208,"Denmark","18","3","0",165.4,1830,65.1181102362205
"108",208,"Denmark","18","5","0",167.4,1850,65.9055118110236
"109",208,"Denmark","18","6","0",168.1,1860,66.1811023622047
"110",208,"Denmark","18","7","0",168.1,1870,66.1811023622047
"111",208,"Denmark","18","8","0",169.5,1880,66.7322834645669
"112",208,"Denmark","18","9","0",169.2,1890,66.6141732283464
"113",208,"Denmark","19","0","0",170.5,1900,67.1259842519685
"114",208,"Denmark","19","1","0",170,1910,66.9291338582677
"115",208,"Denmark","19","2","0",173.5,1920,68.3070866141732
"116",208,"Denmark","19","3","0",173.9,1930,68.4645669291339
"117",208,"Denmark","19","4","0",175.9,1940,69.251968503937
"118",208,"Denmark","19","5","0",179.8,1950,70.7874015748032
"119",208,"Denmark","19","6","0",180.2,1960,70.9448818897638
"120",208,"Denmark","19","7","0",180.8,1970,71.1811023622047
"121",208,"Denmark","19","8","0",183.2,1980,72.1259842519685
"122",233,"Estonia","18","4","0",166.7,1840,65.6299212598425
"123",233,"Estonia","18","7","0",167.6,1870,65.9842519685039
"124",233,"Estonia","18","9","0",173.4,1890,68.2677165354331
"125",233,"Estonia","19","0","0",175.3,1900,69.0157480314961
"126",233,"Estonia","19","1","0",172,1910,67.7165354330709
"127",233,"Estonia","19","6","0",174.1,1960,68.5433070866142
"128",233,"Estonia","19","7","0",179.6,1970,70.7086614173228
"129",233,"Estonia","19","8","0",179.1,1980,70.511811023622
"130",246,"Finland","18","1","0",171.9,1810,67.6771653543307
"131",246,"Finland","18","2","0",170.05,1820,66.9488188976378
"132",246,"Finland","18","3","0",169.5,1830,66.7322834645669
"133",246,"Finland","18","6","0",167.3,1860,65.8661417322835
"134",246,"Finland","19","0","0",167.3,1900,65.8661417322835
"135",246,"Finland","19","1","0",170.5,1910,67.1259842519685
"136",246,"Finland","19","2","0",172.3,1920,67.8346456692913
"137",246,"Finland","19","3","0",172.5,1930,67.9133858267717
"138",246,"Finland","19","4","0",174.8,1940,68.8188976377953
"139",246,"Finland","19","5","0",178,1950,70.0787401574803
"140",246,"Finland","19","6","0",179.3,1960,70.5905511811024
"141",246,"Finland","19","7","0",177.5,1970,69.8818897637795
"142",246,"Finland","19","8","0",178.2,1980,70.1574803149606
"143",372,"Ireland","18","1","0",168,1810,66.1417322834646
"144",372,"Ireland","18","2","0",165.4,1820,65.1181102362205
"145",372,"Ireland","18","3","0",168.1,1830,66.1811023622047
"146",372,"Ireland","18","4","0",160.9,1840,63.3464566929134
"147",372,"Ireland","18","7","0",168.45,1870,66.3188976377953
"148",372,"Ireland","18","8","0",168.7,1880,66.4173228346457
"149",372,"Ireland","18","9","0",169.1,1890,66.5748031496063
"150",372,"Ireland","19","0","0",170,1900,66.9291338582677
"151",372,"Ireland","19","2","0",171.919,1920,67.6846456692913
"152",372,"Ireland","19","3","0",173.253,1930,68.209842519685
"153",372,"Ireland","19","5","0",174.9,1950,68.8582677165354
"154",372,"Ireland","19","6","0",175.8,1960,69.2125984251969
"155",372,"Ireland","19","7","0",176.4,1970,69.4488188976378
"156",372,"Ireland","19","8","0",176.6,1980,69.5275590551181
"157",428,"Latvia","18","4","0",166.5,1840,65.5511811023622
"158",428,"Latvia","18","8","0",170.6,1880,67.1653543307087
"159",428,"Latvia","18","9","0",171.7,1890,67.5984251968504
"160",428,"Latvia","19","0","0",171.4,1900,67.4803149606299
"161",428,"Latvia","19","4","0",174.211,1940,68.5870078740158
"162",440,"Lithuania","18","4","0",165.3,1840,65.0787401574803
"163",440,"Lithuania","19","4","0",173.725,1940,68.3956692913386
"164",578,"Norway","18","1","0",168.6,1810,66.3779527559055
"165",578,"Norway","18","2","0",167.5,1820,65.9448818897638
"166",578,"Norway","18","3","0",168.9,1830,66.496062992126
"167",578,"Norway","18","4","0",168,1840,66.1417322834646
"168",578,"Norway","18","5","0",169.1,1850,66.5748031496063
"169",578,"Norway","18","6","0",169.7,1860,66.8110236220472
"170",578,"Norway","18","7","0",170.4,1870,67.0866141732283
"171",578,"Norway","18","8","0",171.1,1880,67.3622047244095
"172",578,"Norway","18","9","0",171.1,1890,67.3622047244095
"173",578,"Norway","19","0","0",172.03,1900,67.7283464566929
"174",578,"Norway","19","1","0",173.3,1910,68.2283464566929
"175",578,"Norway","19","2","0",176.25,1920,69.3897637795276
"176",578,"Norway","19","3","0",176.9,1930,69.6456692913386
"177",578,"Norway","19","4","0",177.5,1940,69.8818897637795
"178",578,"Norway","19","5","0",178.1,1950,70.1181102362205
"179",578,"Norway","19","6","0",179.3,1960,70.5905511811024
"180",578,"Norway","19","7","0",179.5,1970,70.6692913385827
"181",578,"Norway","19","8","0",179.7,1980,70.748031496063
"182",752,"Sweden","18","3","0",168.1,1830,66.1811023622047
"183",752,"Sweden","18","4","0",167.9,1840,66.1023622047244
"184",752,"Sweden","18","5","0",168.4,1850,66.2992125984252
"185",752,"Sweden","18","6","0",169.3,1860,66.6535433070866
"186",752,"Sweden","18","7","0",170.3,1870,67.0472440944882
"187",752,"Sweden","18","8","0",171.2,1880,67.4015748031496
"188",752,"Sweden","18","9","0",172.4,1890,67.8740157480315
"189",752,"Sweden","19","0","0",172.8,1900,68.0314960629921
"190",752,"Sweden","19","1","0",173.2,1910,68.1889763779528
"191",752,"Sweden","19","2","0",168.3,1920,66.259842519685
"192",752,"Sweden","19","3","0",175.5,1930,69.0944881889764
"193",752,"Sweden","19","4","0",178.5,1940,70.2755905511811
"194",752,"Sweden","19","5","0",179.3,1950,70.5905511811024
"195",752,"Sweden","19","6","0",180.1,1960,70.9055118110236
"196",752,"Sweden","19","7","0",180,1970,70.8661417322835
"197",752,"Sweden","19","8","0",180.4,1980,71.0236220472441
"198",826,"United Kingdom of Great Britain and Northern Ireland","18","1","0",169.7,1810,66.8110236220472
"199",826,"United Kingdom of Great Britain and Northern Ireland","18","2","0",169.1,1820,66.5748031496063
"200",826,"United Kingdom of Great Britain and Northern Ireland","18","3","0",166.7,1830,65.6299212598425
"201",826,"United Kingdom of Great Britain and Northern Ireland","18","4","0",166.5,1840,65.5511811023622
"202",826,"United Kingdom of Great Britain and Northern Ireland","18","5","0",165.6,1850,65.1968503937008
"203",826,"United Kingdom of Great Britain and Northern Ireland","18","6","0",166.6,1860,65.5905511811024
"204",826,"United Kingdom of Great Britain and Northern Ireland","18","7","0",167.15,1870,65.8070866141732
"205",826,"United Kingdom of Great Britain and Northern Ireland","18","8","0",167.95,1880,66.1220472440945
"206",826,"United Kingdom of Great Britain and Northern Ireland","18","9","0",167.4,1890,65.9055118110236
"207",826,"United Kingdom of Great Britain and Northern Ireland","19","0","0",169.367,1900,66.6799212598425
"208",826,"United Kingdom of Great Britain and Northern Ireland","19","1","0",170.866,1910,67.2700787401575
"209",826,"United Kingdom of Great Britain and Northern Ireland","19","2","0",171,1920,67.3228346456693
"210",826,"United Kingdom of Great Britain and Northern Ireland","19","3","0",173.87,1930,68.4527559055118
"211",826,"United Kingdom of Great Britain and Northern Ireland","19","4","0",174.9,1940,68.8582677165354
"212",826,"United Kingdom of Great Britain and Northern Ireland","19","5","0",176,1950,69.2913385826772
"213",826,"United Kingdom of Great Britain and Northern Ireland","19","6","0",176.9,1960,69.6456692913386
"214",826,"United Kingdom of Great Britain and Northern Ireland","19","7","0",177.1,1970,69.7244094488189
"215",826,"United Kingdom of Great Britain and Northern Ireland","19","8","0",176.83,1980,69.6181102362205
"216",8,"Albania","18","8","0",170.1,1880,66.9685039370079
"217",8,"Albania","18","9","0",169.8,1890,66.8503937007874
"218",8,"Albania","19","0","0",169.2,1900,66.6141732283464
"219",191,"Croatia","18","1","0",163.2,1810,64.251968503937
"220",191,"Croatia","18","2","0",163.6,1820,64.4094488188976
"221",191,"Croatia","18","3","0",163.5,1830,64.3700787401575
"222",191,"Croatia","18","4","0",161.2,1840,63.4645669291339
"223",191,"Croatia","18","5","0",168.1,1850,66.1811023622047
"224",191,"Croatia","18","6","0",165.9,1860,65.3149606299213
"225",191,"Croatia","18","7","0",166.8,1870,65.6692913385827
"226",191,"Croatia","18","8","0",168.9,1880,66.496062992126
"227",191,"Croatia","19","0","0",171.508,1900,67.5228346456693
"228",191,"Croatia","19","3","0",176.1,1930,69.3307086614173
"229",191,"Croatia","19","5","0",175.1,1950,68.9370078740157
"230",191,"Croatia","19","6","0",178.2,1960,70.1574803149606
"231",300,"Greece","18","7","0",168.5,1870,66.3385826771653
"232",300,"Greece","18","8","0",167.26,1880,65.8503937007874
"233",300,"Greece","19","0","0",169.6,1900,66.7716535433071
"234",300,"Greece","19","1","0",168.1,1910,66.1811023622047
"235",300,"Greece","19","2","0",168.4,1920,66.2992125984252
"236",300,"Greece","19","3","0",167.5,1930,65.9448818897638
"237",300,"Greece","19","4","0",169.2,1940,66.6141732283464
"238",300,"Greece","19","5","0",173.7,1950,68.3858267716535
"239",300,"Greece","19","6","0",177.6,1960,69.9212598425197
"240",300,"Greece","19","8","0",177.3,1980,69.8031496062992
"241",380,"Italy","18","1","0",164.1,1810,64.6062992125984
"242",380,"Italy","18","2","0",165.8,1820,65.2755905511811
"243",380,"Italy","18","3","0",164.1,1830,64.6062992125984
"244",380,"Italy","18","4","0",162,1840,63.7795275590551
"245",380,"Italy","18","5","0",162.9,1850,64.1338582677165
"246",380,"Italy","18","6","0",163.1,1860,64.2125984251968
"247",380,"Italy","18","7","0",163.5,1870,64.3700787401575
"248",380,"Italy","18","8","0",163.9,1880,64.5275590551181
"249",380,"Italy","18","9","0",164.7,1890,64.8425196850394
"250",380,"Italy","19","0","0",165.6,1900,65.1968503937008
"251",380,"Italy","19","1","0",166.3,1910,65.4724409448819
"252",380,"Italy","19","2","0",167.3,1920,65.8661417322835
"253",380,"Italy","19","3","0",168.1,1930,66.1811023622047
"254",380,"Italy","19","4","0",169.3,1940,66.6535433070866
"255",380,"Italy","19","5","0",171.3,1950,67.4409448818898
"256",380,"Italy","19","6","0",173,1960,68.1102362204724
"257",380,"Italy","19","7","0",174.1,1970,68.5433070866142
"258",380,"Italy","19","8","0",174.48,1980,68.6929133858268
"259",620,"Portugal","18","1","0",165.493,1810,65.1547244094488
"260",620,"Portugal","18","2","0",166.338,1820,65.4874015748031
"261",620,"Portugal","18","3","0",165.292,1830,65.0755905511811
"262",620,"Portugal","18","4","0",163.539,1840,64.3854330708661
"263",620,"Portugal","18","5","0",164.16,1850,64.6299212598425
"264",620,"Portugal","18","6","0",164.066,1860,64.5929133858268
"265",620,"Portugal","18","7","0",164.688,1870,64.8377952755906
"266",620,"Portugal","18","8","0",164.161,1880,64.6303149606299
"267",620,"Portugal","18","9","0",164.15,1890,64.6259842519685
"268",620,"Portugal","19","0","0",163.774,1900,64.4779527559055
"269",620,"Portugal","19","1","0",164.491,1910,64.7602362204724
"270",620,"Portugal","19","2","0",164.88,1920,64.9133858267716
"271",620,"Portugal","19","3","0",165.57,1930,65.1850393700787
"272",620,"Portugal","19","4","0",166.385,1940,65.505905511811
"273",620,"Portugal","19","5","0",167.41,1950,65.9094488188976
"274",620,"Portugal","19","6","0",169.24,1960,66.6299212598425
"275",620,"Portugal","19","7","0",171.38,1970,67.4724409448819
"276",620,"Portugal","19","8","0",172.13,1980,67.7677165354331
"277",688,"Serbia","18","5","0",166.2,1850,65.4330708661417
"278",688,"Serbia","18","7","0",169.7,1870,66.8110236220472
"279",688,"Serbia","18","8","0",167.1,1880,65.7874015748031
"280",688,"Serbia","18","9","0",168.1,1890,66.1811023622047
"281",688,"Serbia","19","6","0",175.8,1960,69.2125984251969
"282",891,"Serbia and Montenegro (until 2006)","18","5","0",166.2,1850,65.4330708661417
"283",891,"Serbia and Montenegro (until 2006)","18","7","0",169.7,1870,66.8110236220472
"284",891,"Serbia and Montenegro (until 2006)","18","8","0",167.1,1880,65.7874015748031
"285",891,"Serbia and Montenegro (until 2006)","18","9","0",168.1,1890,66.1811023622047
"286",891,"Serbia and Montenegro (until 2006)","19","6","0",175.8,1960,69.2125984251969
"287",705,"Slovenia","18","7","0",168.3,1870,66.259842519685
"288",705,"Slovenia","19","2","0",173.7,1920,68.3858267716535
"289",705,"Slovenia","19","5","0",175.8,1950,69.2125984251969
"290",705,"Slovenia","19","7","0",179.2,1970,70.5511811023622
"291",724,"Spain","18","3","0",161,1830,63.3858267716535
"292",724,"Spain","18","4","0",163.7,1840,64.4488188976378
"293",724,"Spain","18","5","0",162.5,1850,63.9763779527559
"294",724,"Spain","18","6","0",162.7,1860,64.0551181102362
"295",724,"Spain","18","7","0",162.6,1870,64.0157480314961
"296",724,"Spain","18","8","0",163.9,1880,64.5275590551181
"297",724,"Spain","18","9","0",164,1890,64.5669291338583
"298",724,"Spain","19","0","0",164.6,1900,64.8031496062992
"299",724,"Spain","19","1","0",165.1,1910,65
"300",724,"Spain","19","2","0",165.6,1920,65.1968503937008
"301",724,"Spain","19","3","0",165.2,1930,65.0393700787401
"302",724,"Spain","19","4","0",166.3,1940,65.4724409448819
"303",724,"Spain","19","5","0",170.8,1950,67.244094488189
"304",724,"Spain","19","6","0",174.2,1960,68.5826771653543
"305",724,"Spain","19","7","0",175.2,1970,68.9763779527559
"306",724,"Spain","19","8","0",175.6,1980,69.1338582677165
"307",807,"The former Yugoslav Republic of Macedonia","19","0","0",167.669,1900,66.0114173228346
"308",807,"The former Yugoslav Republic of Macedonia","19","1","0",168.4,1910,66.2992125984252
"309",807,"The former Yugoslav Republic of Macedonia","19","2","0",169.6,1920,66.7716535433071
"310",807,"The former Yugoslav Republic of Macedonia","19","3","0",168.8,1930,66.4566929133858
"311",112,"Belarus","18","4","0",163.9,1840,64.5275590551181
"312",112,"Belarus","19","0","0",166.5,1900,65.5511811023622
"313",112,"Belarus","19","8","0",176.4,1980,69.4488188976378
"314",100,"Bulgaria","18","8","0",167.6,1880,65.9842519685039
"315",100,"Bulgaria","19","3","0",171.7,1930,67.5984251968504
"316",100,"Bulgaria","19","4","0",171.3,1940,67.4409448818898
"317",100,"Bulgaria","19","5","0",172.9,1950,68.0708661417323
"318",203,"Czech Republic","18","1","0",164,1810,64.5669291338583
"319",203,"Czech Republic","18","2","0",163,1820,64.1732283464567
"320",203,"Czech Republic","18","3","0",163.5,1830,64.3700787401575
"321",203,"Czech Republic","18","4","0",164.8,1840,64.8818897637795
"322",203,"Czech Republic","18","5","0",165.5,1850,65.1574803149606
"323",203,"Czech Republic","18","6","0",166,1860,65.3543307086614
"324",203,"Czech Republic","18","7","0",167,1870,65.748031496063
"325",203,"Czech Republic","18","8","0",167.6,1880,65.9842519685039
"326",203,"Czech Republic","18","9","0",169.783,1890,66.8437007874016
"327",203,"Czech Republic","19","0","0",170.7,1900,67.2047244094488
"328",203,"Czech Republic","19","1","0",170.8,1910,67.244094488189
"329",203,"Czech Republic","19","2","0",173.3,1920,68.2283464566929
"330",203,"Czech Republic","19","3","0",175.7,1930,69.1732283464567
"331",203,"Czech Republic","19","4","0",176.8,1940,69.6062992125984
"332",203,"Czech Republic","19","5","0",177.7,1950,69.9606299212598
"333",203,"Czech Republic","19","7","0",178.7,1970,70.3543307086614
"334",200,"Czechoslovakia (until 1993)","18","5","0",166.2,1850,65.4330708661417
"335",200,"Czechoslovakia (until 1993)","18","7","0",169.7,1870,66.8110236220472
"336",200,"Czechoslovakia (until 1993)","18","8","0",167.1,1880,65.7874015748031
"337",200,"Czechoslovakia (until 1993)","18","9","0",168.1,1890,66.1811023622047
"338",200,"Czechoslovakia (until 1993)","19","6","0",175.8,1960,69.2125984251969
"339",348,"Hungary","18","1","0",164.7,1810,64.8425196850394
"340",348,"Hungary","18","2","0",164.3,1820,64.6850393700787
"341",348,"Hungary","18","3","0",164.1,1830,64.6062992125984
"342",348,"Hungary","18","4","0",164,1840,64.5669291338583
"343",348,"Hungary","18","5","0",163.7,1850,64.4488188976378
"344",348,"Hungary","18","6","0",165.3,1860,65.0787401574803
"345",348,"Hungary","18","7","0",166.388,1870,65.5070866141732
"346",348,"Hungary","18","8","0",169.1,1880,66.5748031496063
"347",348,"Hungary","19","5","0",175.4,1950,69.0551181102362
"348",348,"Hungary","19","6","0",178.2,1960,70.1574803149606
"349",348,"Hungary","19","7","0",178.8,1970,70.3937007874016
"350",616,"Poland","18","4","0",163.1,1840,64.2125984251968
"351",616,"Poland","18","6","0",165.5,1860,65.1574803149606
"352",616,"Poland","18","7","0",166.3,1870,65.4724409448819
"353",616,"Poland","18","8","0",166.8,1880,65.6692913385827
"354",616,"Poland","18","9","0",167.2,1890,65.8267716535433
"355",616,"Poland","19","0","0",166.568,1900,65.5779527559055
"356",616,"Poland","19","1","0",169,1910,66.5354330708661
"357",616,"Poland","19","3","0",173,1930,68.1102362204724
"358",616,"Poland","19","4","0",170.5,1940,67.1259842519685
"359",616,"Poland","19","5","0",173.2,1950,68.1889763779528
"360",616,"Poland","19","6","0",175.3,1960,69.0157480314961
"361",616,"Poland","19","8","0",177.4,1980,69.8425196850394
"362",498,"Republic of Moldova","18","4","0",165.1,1840,65
"363",498,"Republic of Moldova","19","5","0",172.007,1950,67.7192913385827
"364",498,"Republic of Moldova","19","6","0",172.813,1960,68.0366141732283
"365",498,"Republic of Moldova","19","7","0",173.535,1970,68.3208661417323
"366",498,"Republic of Moldova","19","8","0",174.225,1980,68.5925196850394
"367",642,"Romania","18","4","0",164,1840,64.5669291338583
"368",642,"Romania","18","5","0",163.4,1850,64.3307086614173
"369",642,"Romania","18","6","0",164.1,1860,64.6062992125984
"370",642,"Romania","18","7","0",165.367,1870,65.1051181102362
"371",642,"Romania","18","8","0",164.1,1880,64.6062992125984
"372",642,"Romania","19","0","0",168.289,1900,66.2555118110236
"373",642,"Romania","19","4","0",169.253,1940,66.6350393700787
"374",643,"Russian Federation","18","1","0",159.8,1810,62.9133858267717
"375",643,"Russian Federation","18","2","0",162.1,1820,63.8188976377953
"376",643,"Russian Federation","18","3","0",163,1830,64.1732283464567
"377",643,"Russian Federation","18","4","0",164.2,1840,64.6456692913386
"378",643,"Russian Federation","18","5","0",163.4,1850,64.3307086614173
"379",643,"Russian Federation","18","6","0",163.3,1860,64.2913385826772
"380",643,"Russian Federation","18","7","0",165.8,1870,65.2755905511811
"381",643,"Russian Federation","18","8","0",166.6,1880,65.5905511811024
"382",643,"Russian Federation","18","9","0",168.3,1890,66.259842519685
"383",643,"Russian Federation","19","0","0",169.2,1900,66.6141732283464
"384",643,"Russian Federation","19","1","0",169.1,1910,66.5748031496063
"385",643,"Russian Federation","19","2","0",167,1920,65.748031496063
"386",643,"Russian Federation","19","3","0",167.9,1930,66.1023622047244
"387",643,"Russian Federation","19","4","0",169,1940,66.5354330708661
"388",643,"Russian Federation","19","5","0",172,1950,67.7165354330709
"389",643,"Russian Federation","19","6","0",173.6,1960,68.3464566929134
"390",643,"Russian Federation","19","7","0",177,1970,69.6850393700787
"391",643,"Russian Federation","19","8","0",177,1980,69.6850393700787
"392",703,"Slovakia","18","5","0",164.1,1850,64.6062992125984
"393",703,"Slovakia","18","6","0",163.5,1860,64.3700787401575
"394",703,"Slovakia","18","7","0",165.1,1870,65
"395",703,"Slovakia","18","8","0",165.8,1880,65.2755905511811
"396",703,"Slovakia","19","2","0",171.7,1920,67.5984251968504
"397",703,"Slovakia","19","3","0",173.3,1930,68.2283464566929
"398",703,"Slovakia","19","4","0",172.8,1940,68.0314960629921
"399",804,"Ukraine","18","2","0",164.1,1820,64.6062992125984
"400",804,"Ukraine","18","3","0",164.8,1830,64.8818897637795
"401",804,"Ukraine","18","4","0",164.1,1840,64.6062992125984
"402",804,"Ukraine","18","5","0",163.1,1850,64.2125984251968
"403",804,"Ukraine","18","7","0",164.6,1870,64.8031496062992
"404",804,"Ukraine","18","8","0",165.4,1880,65.1181102362205
"405",124,"Canada","18","1","0",171.5,1810,67.5196850393701
"406",124,"Canada","18","2","0",171.5,1820,67.5196850393701
"407",124,"Canada","18","3","0",171.5,1830,67.5196850393701
"408",124,"Canada","18","4","0",170.4,1840,67.0866141732283
"409",124,"Canada","18","5","0",172.466,1850,67.9
"410",124,"Canada","18","6","0",172,1860,67.7165354330709
"411",124,"Canada","18","7","0",171.2,1870,67.4015748031496
"412",124,"Canada","18","8","0",171.2,1880,67.4015748031496
"413",124,"Canada","18","9","0",170.7,1890,67.2047244094488
"414",124,"Canada","19","0","0",169.9,1900,66.8897637795276
"415",124,"Canada","19","1","0",171.5,1910,67.5196850393701
"416",124,"Canada","19","2","0",173,1920,68.1102362204724
"417",124,"Canada","19","3","0",172.7,1930,67.992125984252
"418",124,"Canada","19","4","0",174.6,1940,68.740157480315
"419",124,"Canada","19","5","0",177,1950,69.6850393700787
"420",124,"Canada","19","6","0",178.3,1960,70.1968503937008
"421",124,"Canada","19","7","0",178.8,1970,70.3937007874016
"422",124,"Canada","19","8","0",179.6,1980,70.7086614173228
"423",840,"United States of America","18","2","0",172.2,1820,67.7952755905512
"424",840,"United States of America","18","3","0",173.5,1830,68.3070866141732
"425",840,"United States of America","18","4","0",172.2,1840,67.7952755905512
"426",840,"United States of America","18","5","0",171.1,1850,67.3622047244095
"427",840,"United States of America","18","6","0",170.6,1860,67.1653543307087
"428",840,"United States of America","18","7","0",171.1,1870,67.3622047244095
"429",840,"United States of America","18","8","0",169.5,1880,66.7322834645669
"430",840,"United States of America","18","9","0",169.1,1890,66.5748031496063
"431",840,"United States of America","19","0","0",170,1900,66.9291338582677
"432",840,"United States of America","19","1","0",172.1,1910,67.755905511811
"433",840,"United States of America","19","2","0",173.1,1920,68.1496062992126
"434",840,"United States of America","19","3","0",173.4,1930,68.2677165354331
"435",840,"United States of America","19","4","0",176.1,1940,69.3307086614173
"436",840,"United States of America","19","5","0",177.1,1950,69.7244094488189
"437",840,"United States of America","19","6","0",177.3,1960,69.8031496062992
"438",840,"United States of America","19","7","0",178.3,1970,70.1968503937008
"439",840,"United States of America","19","8","0",179,1980,70.4724409448819
"440",192,"Cuba","18","7","0",167.1,1870,65.7874015748031
"441",192,"Cuba","18","8","0",166.8,1880,65.6692913385827
"442",192,"Cuba","18","9","0",166,1890,65.3543307086614
"443",192,"Cuba","19","0","0",166.1,1900,65.3937007874016
"444",192,"Cuba","19","1","0",167.9,1910,66.1023622047244
"445",192,"Cuba","19","4","0",169.4,1940,66.6929133858268
"446",192,"Cuba","19","5","0",169.2,1950,66.6141732283464
"447",214,"Dominican Republic","19","4","0",167.4,1940,65.9055118110236
"448",214,"Dominican Republic","19","5","0",168.1,1950,66.1811023622047
"449",214,"Dominican Republic","19","6","0",169,1960,66.5354330708661
"450",214,"Dominican Republic","19","7","0",168.8,1970,66.4566929133858
"451",332,"Haiti","19","2","0",166.9,1920,65.7086614173228
"452",332,"Haiti","19","3","0",166.707,1930,65.6326771653543
"453",332,"Haiti","19","5","0",170.377,1950,67.0775590551181
"454",332,"Haiti","19","6","0",171.064,1960,67.348031496063
"455",332,"Haiti","19","7","0",171.254,1970,67.4228346456693
"456",332,"Haiti","19","8","0",171.494,1980,67.5173228346457
"457",388,"Jamaica","18","9","0",170.2,1890,67.007874015748
"458",388,"Jamaica","19","1","0",167.132,1910,65.8
"459",388,"Jamaica","19","2","0",167.894,1920,66.1
"460",388,"Jamaica","19","3","0",169.672,1930,66.8
"461",388,"Jamaica","19","4","0",168.281,1940,66.2523622047244
"462",388,"Jamaica","19","8","0",173.6,1980,68.3464566929134
"463",630,"Puerto Rico","18","9","0",164.53,1890,64.7755905511811
"464",630,"Puerto Rico","19","0","0",164.02,1900,64.5748031496063
"465",630,"Puerto Rico","19","1","0",165.35,1910,65.0984251968504
"466",630,"Puerto Rico","19","2","0",164.02,1920,64.5748031496063
"467",630,"Puerto Rico","19","3","0",163.66,1930,64.4330708661417
"468",780,"Trinidad and Tobago","19","8","0",174.4,1980,68.6614173228347
"469",188,"Costa Rica","19","4","0",166.1,1940,65.3937007874016
"470",188,"Costa Rica","19","8","0",173.6,1980,68.3464566929134
"471",320,"Guatemala","18","9","0",156.3,1890,61.5354330708661
"472",320,"Guatemala","19","1","0",156,1910,61.4173228346457
"473",320,"Guatemala","19","2","0",158.7,1920,62.4803149606299
"474",320,"Guatemala","19","3","0",158.7,1930,62.4803149606299
"475",320,"Guatemala","19","5","0",159.2,1950,62.6771653543307
"476",320,"Guatemala","19","6","0",159.8,1960,62.9133858267717
"477",320,"Guatemala","19","7","0",160.3,1970,63.1102362204724
"478",320,"Guatemala","19","8","0",160.8,1980,63.3070866141732
"479",340,"Honduras","19","5","0",163.971,1950,64.5555118110236
"480",340,"Honduras","19","6","0",164.15,1960,64.6259842519685
"481",340,"Honduras","19","7","0",164.634,1970,64.8165354330709
"482",340,"Honduras","19","8","0",164.663,1980,64.8279527559055
"483",484,"Mexico","18","1","0",161.26,1810,63.4881889763779
"484",484,"Mexico","18","2","0",160.36,1820,63.1338582677165
"485",484,"Mexico","18","3","0",160.36,1830,63.1338582677165
"486",484,"Mexico","18","4","0",162.5,1840,63.9763779527559
"487",484,"Mexico","18","5","0",163.4,1850,64.3307086614173
"488",484,"Mexico","18","6","0",162.9,1860,64.1338582677165
"489",484,"Mexico","18","7","0",163.7,1870,64.4488188976378
"490",484,"Mexico","18","8","0",163.9,1880,64.5275590551181
"491",484,"Mexico","18","9","0",163.9,1890,64.5275590551181
"492",484,"Mexico","19","0","0",163.9,1900,64.5275590551181
"493",484,"Mexico","19","1","0",163.7,1910,64.4488188976378
"494",484,"Mexico","19","2","0",161.12,1920,63.4330708661417
"495",484,"Mexico","19","3","0",165.5,1930,65.1574803149606
"496",484,"Mexico","19","4","0",165.8,1940,65.2755905511811
"497",484,"Mexico","19","5","0",165.093,1950,64.9972440944882
"498",484,"Mexico","19","6","0",166.365,1960,65.498031496063
"499",484,"Mexico","19","8","0",167.806,1980,66.0653543307087
"500",558,"Nicaragua","19","5","0",165.615,1950,65.2027559055118
"501",558,"Nicaragua","19","6","0",165.902,1960,65.3157480314961
"502",558,"Nicaragua","19","7","0",166.159,1970,65.4169291338583
"503",558,"Nicaragua","19","8","0",166.4,1980,65.511811023622
"504",591,"Panama","19","8","0",170,1980,66.9291338582677
"505",32,"Argentina","18","1","0",168.8,1810,66.4566929133858
"506",32,"Argentina","18","2","0",169.9,1820,66.8897637795276
"507",32,"Argentina","18","3","0",170.9,1830,67.2834645669291
"508",32,"Argentina","18","4","0",169.6,1840,66.7716535433071
"509",32,"Argentina","18","5","0",168.2,1850,66.2204724409449
"510",32,"Argentina","18","6","0",167.4,1860,65.9055118110236
"511",32,"Argentina","18","7","0",167.6,1870,65.9842519685039
"512",32,"Argentina","18","8","0",167.565,1880,65.9704724409449
"513",32,"Argentina","18","9","0",167.792,1890,66.059842519685
"514",32,"Argentina","19","0","0",167.868,1900,66.0897637795276
"515",32,"Argentina","19","1","0",168.2,1910,66.2204724409449
"516",32,"Argentina","19","2","0",169,1920,66.5354330708661
"517",32,"Argentina","19","3","0",169.8,1930,66.8503937007874
"518",32,"Argentina","19","4","0",170.6,1940,67.1653543307087
"519",32,"Argentina","19","5","0",170.8,1950,67.244094488189
"520",68,"Bolivia (Plurinational State of)","18","9","0",163.594,1890,64.4070866141732
"521",68,"Bolivia (Plurinational State of)","19","0","0",162.45,1900,63.9566929133858
"522",68,"Bolivia (Plurinational State of)","19","3","0",162.5,1930,63.9763779527559
"523",68,"Bolivia (Plurinational State of)","19","4","0",163.4,1940,64.3307086614173
"524",68,"Bolivia (Plurinational State of)","19","5","0",162.482,1950,63.9692913385827
"525",68,"Bolivia (Plurinational State of)","19","6","0",163.182,1960,64.2448818897638
"526",68,"Bolivia (Plurinational State of)","19","7","0",163.886,1970,64.5220472440945
"527",68,"Bolivia (Plurinational State of)","19","8","0",164.191,1980,64.642125984252
"528",76,"Brazil","18","1","0",164.3,1810,64.6850393700787
"529",76,"Brazil","18","2","0",164.3,1820,64.6850393700787
"530",76,"Brazil","18","3","0",164.8,1830,64.8818897637795
"531",76,"Brazil","18","4","0",164.6,1840,64.8031496062992
"532",76,"Brazil","18","5","0",164.5,1850,64.7637795275591
"533",76,"Brazil","18","6","0",165,1860,64.9606299212598
"534",76,"Brazil","18","7","0",166.5,1870,65.5511811023622
"535",76,"Brazil","18","8","0",166.1,1880,65.3937007874016
"536",76,"Brazil","18","9","0",167.1,1890,65.7874015748031
"537",76,"Brazil","19","0","0",167.5,1900,65.9448818897638
"538",76,"Brazil","19","1","0",166.486,1910,65.5456692913386
"539",76,"Brazil","19","2","0",166.6,1920,65.5905511811024
"540",76,"Brazil","19","3","0",167,1930,65.748031496063
"541",76,"Brazil","19","4","0",167.1,1940,65.7874015748031
"542",76,"Brazil","19","5","0",168.2,1950,66.2204724409449
"543",76,"Brazil","19","6","0",169,1960,66.5354330708661
"544",76,"Brazil","19","7","0",171.6,1970,67.5590551181102
"545",76,"Brazil","19","8","0",171.7,1980,67.5984251968504
"546",152,"Chile","19","5","0",169.64,1950,66.7874015748031
"547",152,"Chile","19","8","0",173.1,1980,68.1496062992126
"548",170,"Colombia","18","7","0",161.085,1870,63.4192913385827
"549",170,"Colombia","18","8","0",162.08,1880,63.8110236220473
"550",170,"Colombia","18","9","0",161.855,1890,63.7224409448819
"551",170,"Colombia","19","0","0",161.83,1900,63.7125984251969
"552",170,"Colombia","19","1","0",163.545,1910,64.3877952755905
"553",170,"Colombia","19","2","0",164.655,1920,64.8248031496063
"554",170,"Colombia","19","3","0",165.465,1930,65.1437007874016
"555",170,"Colombia","19","4","0",167.05,1940,65.7677165354331
"556",170,"Colombia","19","5","0",167.8,1950,66.0629921259843
"557",170,"Colombia","19","6","0",168.5,1960,66.3385826771653
"558",170,"Colombia","19","7","0",168.9,1970,66.496062992126
"559",170,"Colombia","19","8","0",170.6,1980,67.1653543307087
"560",328,"Guyana","18","8","0",159.16,1880,62.6614173228346
"561",328,"Guyana","18","9","0",157.45,1890,61.9881889763779
"562",328,"Guyana","19","0","0",156.8,1900,61.7322834645669
"563",328,"Guyana","19","7","0",167.2,1970,65.8267716535433
"564",328,"Guyana","19","8","0",170.5,1980,67.1259842519685
"565",600,"Paraguay","19","0","0",165.615,1900,65.2027559055118
"566",600,"Paraguay","19","3","0",165.363,1930,65.1035433070866
"567",604,"Peru","18","1","0",163.4,1810,64.3307086614173
"568",604,"Peru","18","2","0",162.6,1820,64.0157480314961
"569",604,"Peru","18","3","0",162.5,1830,63.9763779527559
"570",604,"Peru","18","4","0",161.3,1840,63.503937007874
"571",604,"Peru","18","5","0",161.8,1850,63.7007874015748
"572",604,"Peru","18","6","0",161.7,1860,63.6614173228346
"573",604,"Peru","18","7","0",161.3,1870,63.503937007874
"574",604,"Peru","18","8","0",161.5,1880,63.5826771653543
"575",604,"Peru","19","3","0",159.749,1930,62.8933070866142
"576",604,"Peru","19","4","0",160.947,1940,63.3649606299213
"577",604,"Peru","19","5","0",162.226,1950,63.8685039370079
"578",604,"Peru","19","6","0",163.056,1960,64.1952755905512
"579",604,"Peru","19","7","0",163.931,1970,64.5397637795276
"580",604,"Peru","19","8","0",164.236,1980,64.659842519685
"581",858,"Uruguay","18","8","0",164.98,1880,64.9527559055118
"582",858,"Uruguay","19","3","0",168.1,1930,66.1811023622047
"583",36,"Australia","18","5","0",170,1850,66.9291338582677
"584",36,"Australia","18","6","0",170.6,1860,67.1653543307087
"585",36,"Australia","18","7","0",170.053,1870,66.95
"586",36,"Australia","18","8","0",171.1,1880,67.3622047244095
"587",36,"Australia","18","9","0",171.3,1890,67.4409448818898
"588",36,"Australia","19","0","0",172.3,1900,67.8346456692913
"589",36,"Australia","19","1","0",172.7,1910,67.992125984252
"590",36,"Australia","19","2","0",172.846,1920,68.0496062992126
"591",36,"Australia","19","6","0",176.3,1960,69.4094488188976
"592",36,"Australia","19","7","0",178.4,1970,70.2362204724409
"593",554,"New Zealand","18","6","0",172.4,1860,67.8740157480315
"594",554,"New Zealand","18","7","0",172.4,1870,67.8740157480315
"595",554,"New Zealand","18","8","0",172.7,1880,67.992125984252
"596",554,"New Zealand","18","9","0",172,1890,67.7165354330709
"597",554,"New Zealand","19","3","0",174.625,1930,68.75
"598",598,"Papua New Guinea","18","8","0",152.359,1880,59.9838582677165
"599",598,"Papua New Guinea","19","2","0",155.603,1920,61.2610236220472
"600",598,"Papua New Guinea","19","3","0",152.432,1930,60.0125984251968
"601",598,"Papua New Guinea","19","4","0",158.875,1940,62.5492125984252
"602",598,"Papua New Guinea","19","8","0",160.9,1980,63.3464566929134
"603",4,"Afghanistan","18","7","0",168.4,1870,66.2992125984252
"604",4,"Afghanistan","18","8","0",165.69,1880,65.2322834645669
"605",4,"Afghanistan","19","3","0",166.8,1930,65.6692913385827
"606",50,"Bangladesh","18","5","0",161.807,1850,63.7035433070866
"607",50,"Bangladesh","18","6","0",162.346,1860,63.9157480314961
"608",50,"Bangladesh","18","7","0",163.684,1870,64.4425196850394
"609",50,"Bangladesh","18","8","0",162.061,1880,63.8035433070866
"610",50,"Bangladesh","19","5","0",161.555,1950,63.6043307086614
"611",50,"Bangladesh","19","6","0",162.15,1960,63.8385826771654
"612",50,"Bangladesh","19","8","0",162.377,1980,63.9279527559055
"613",356,"India","18","4","0",160.304,1840,63.111811023622
"614",356,"India","18","5","0",161.823,1850,63.709842519685
"615",356,"India","18","6","0",162.979,1860,64.1649606299213
"616",356,"India","18","7","0",163.782,1870,64.4811023622047
"617",356,"India","18","8","0",162.427,1880,63.9476377952756
"618",356,"India","18","9","0",163.008,1890,64.1763779527559
"619",356,"India","19","1","0",162.893,1910,64.1311023622047
"620",356,"India","19","2","0",163.465,1920,64.3562992125984
"621",356,"India","19","3","0",163.688,1930,64.444094488189
"622",356,"India","19","4","0",164.049,1940,64.5862204724409
"623",356,"India","19","5","0",163.542,1950,64.3866141732284
"624",356,"India","19","6","0",163.883,1960,64.5208661417323
"625",356,"India","19","7","0",164.294,1970,64.6826771653543
"626",356,"India","19","8","0",164.437,1980,64.7389763779528
"627",364,"Iran (Islamic Republic of)","18","5","0",165.33,1850,65.0905511811024
"628",364,"Iran (Islamic Republic of)","18","7","0",168.26,1870,66.244094488189
"629",364,"Iran (Islamic Republic of)","18","8","0",165.19,1880,65.0354330708661
"630",364,"Iran (Islamic Republic of)","18","9","0",165.98,1890,65.3464566929134
"631",364,"Iran (Islamic Republic of)","19","0","0",167.47,1900,65.9330708661417
"632",364,"Iran (Islamic Republic of)","19","1","0",167.19,1910,65.8228346456693
"633",364,"Iran (Islamic Republic of)","19","4","0",167.8,1940,66.0629921259843
"634",364,"Iran (Islamic Republic of)","19","5","0",168.78,1950,66.4488188976378
"635",364,"Iran (Islamic Republic of)","19","6","0",169.14,1960,66.5905511811024
"636",364,"Iran (Islamic Republic of)","19","7","0",170.85,1970,67.2637795275591
"637",364,"Iran (Islamic Republic of)","19","8","0",172.37,1980,67.8622047244095
"638",524,"Nepal","18","8","0",162.433,1880,63.95
"639",524,"Nepal","19","0","0",161.7,1900,63.6614173228346
"640",524,"Nepal","19","3","0",160.9,1930,63.3464566929134
"641",524,"Nepal","19","4","0",162.383,1940,63.9303149606299
"642",524,"Nepal","19","5","0",161.783,1950,63.694094488189
"643",524,"Nepal","19","6","0",162.459,1960,63.9602362204724
"644",524,"Nepal","19","7","0",162.71,1970,64.0590551181102
"645",524,"Nepal","19","8","0",162.953,1980,64.1547244094488
"646",586,"Pakistan","18","4","0",165.1,1840,65
"647",586,"Pakistan","18","5","0",162,1850,63.7795275590551
"648",586,"Pakistan","18","6","0",164.6,1860,64.8031496062992
"649",586,"Pakistan","18","7","0",165.2,1870,65.0393700787401
"650",586,"Pakistan","18","9","0",165.04,1890,64.9763779527559
"651",586,"Pakistan","19","2","0",167.887,1920,66.0972440944882
"652",586,"Pakistan","19","3","0",163.979,1930,64.5586614173228
"653",586,"Pakistan","19","4","0",168.1,1940,66.1811023622047
"654",144,"Sri Lanka","18","7","0",162.5,1870,63.9763779527559
"655",144,"Sri Lanka","19","2","0",163.885,1920,64.5216535433071
"656",144,"Sri Lanka","19","8","0",165.8,1980,65.2755905511811
"657",156,"China","18","1","0",165.7,1810,65.2362204724409
"658",156,"China","18","2","0",165.8,1820,65.2755905511811
"659",156,"China","18","3","0",165.8,1830,65.2755905511811
"660",156,"China","18","4","0",166.2,1840,65.4330708661417
"661",156,"China","18","5","0",166.2,1850,65.4330708661417
"662",156,"China","18","6","0",165.7,1860,65.2362204724409
"663",156,"China","18","7","0",165.8,1870,65.2755905511811
"664",156,"China","18","8","0",165.3,1880,65.0787401574803
"665",156,"China","18","9","0",164,1890,64.5669291338583
"666",156,"China","19","0","0",164,1900,64.5669291338583
"667",156,"China","19","1","0",164.7,1910,64.8425196850394
"668",156,"China","19","2","0",164.2,1920,64.6456692913386
"669",156,"China","19","3","0",166.5,1930,65.5511811023622
"670",156,"China","19","4","0",167.4,1940,65.9055118110236
"671",156,"China","19","5","0",169.2,1950,66.6141732283464
"672",156,"China","19","6","0",170,1960,66.9291338582677
"673",156,"China","19","7","0",170,1970,66.9291338582677
"674",156,"China","19","8","0",171.5,1980,67.5196850393701
"675",344,"China, Hong Kong Special Administrative Region","19","3","0",167.655,1930,66.005905511811
"676",344,"China, Hong Kong Special Administrative Region","19","4","0",167.1,1940,65.7874015748031
"677",408,"Democratic People's Republic of Korea","18","7","0",163.41,1870,64.3346456692913
"678",408,"Democratic People's Republic of Korea","18","8","0",160.1,1880,63.0314960629921
"679",408,"Democratic People's Republic of Korea","18","9","0",160.7,1890,63.2677165354331
"680",408,"Democratic People's Republic of Korea","19","0","0",160.1,1900,63.0314960629921
"681",408,"Democratic People's Republic of Korea","19","4","0",166.51,1940,65.5551181102362
"682",408,"Democratic People's Republic of Korea","19","5","0",168.6,1950,66.3779527559055
"683",408,"Democratic People's Republic of Korea","19","6","0",170.7,1960,67.2047244094488
"684",408,"Democratic People's Republic of Korea","19","7","0",171.9,1970,67.6771653543307
"685",408,"Democratic People's Republic of Korea","19","8","0",173.8,1980,68.4251968503937
"686",392,"Japan","18","8","0",157.79,1880,62.1220472440945
"687",392,"Japan","18","9","0",157.79,1890,62.1220472440945
"688",392,"Japan","19","0","0",158.7,1900,62.4803149606299
"689",392,"Japan","19","1","0",159.605,1910,62.8366141732283
"690",392,"Japan","19","2","0",160.7,1920,63.2677165354331
"691",392,"Japan","19","3","0",161.43,1930,63.5551181102362
"692",392,"Japan","19","4","0",162.6,1940,64.0157480314961
"693",392,"Japan","19","5","0",163.6,1950,64.4094488188976
"694",392,"Japan","19","6","0",165.7,1960,65.2362204724409
"695",392,"Japan","19","7","0",166.8,1970,65.6692913385827
"696",392,"Japan","19","8","0",171.66,1980,67.5826771653543
"697",496,"Mongolia","19","1","0",162.6,1910,64.0157480314961
"698",496,"Mongolia","19","3","0",164.8,1930,64.8818897637795
"699",410,"Republic of Korea","18","7","0",163.41,1870,64.3346456692913
"700",410,"Republic of Korea","18","8","0",160.1,1880,63.0314960629921
"701",410,"Republic of Korea","18","9","0",160.7,1890,63.2677165354331
"702",410,"Republic of Korea","19","0","0",160.1,1900,63.0314960629921
"703",410,"Republic of Korea","19","4","0",166.51,1940,65.5551181102362
"704",410,"Republic of Korea","19","5","0",168.6,1950,66.3779527559055
"705",410,"Republic of Korea","19","6","0",170.7,1960,67.2047244094488
"706",410,"Republic of Korea","19","7","0",171.9,1970,67.6771653543307
"707",410,"Republic of Korea","19","8","0",173.8,1980,68.4251968503937
"708",116,"Cambodia","18","4","0",161.6,1840,63.6220472440945
"709",116,"Cambodia","18","5","0",163.2,1850,64.251968503937
"710",116,"Cambodia","18","6","0",164.9,1860,64.9212598425197
"711",116,"Cambodia","18","7","0",159,1870,62.5984251968504
"712",116,"Cambodia","18","8","0",161.7,1880,63.6614173228346
"713",116,"Cambodia","18","9","0",160.4,1890,63.1496062992126
"714",116,"Cambodia","19","0","0",158.3,1900,62.3228346456693
"715",116,"Cambodia","19","1","0",160.6,1910,63.2283464566929
"716",116,"Cambodia","19","2","0",158.5,1920,62.4015748031496
"717",116,"Cambodia","19","3","0",158.4,1930,62.3622047244095
"718",116,"Cambodia","19","5","0",162.361,1950,63.9216535433071
"719",116,"Cambodia","19","6","0",162.84,1960,64.1102362204724
"720",116,"Cambodia","19","7","0",162.674,1970,64.0448818897638
"721",116,"Cambodia","19","8","0",162.453,1980,63.957874015748
"722",360,"Indonesia","18","1","0",161.277,1810,63.4948818897638
"723",360,"Indonesia","18","4","0",160.352,1840,63.1307086614173
"724",360,"Indonesia","18","5","0",160.58,1850,63.2204724409449
"725",360,"Indonesia","18","6","0",160.43,1860,63.1614173228346
"726",360,"Indonesia","18","7","0",158.085,1870,62.238188976378
"727",360,"Indonesia","18","8","0",158.58,1880,62.4330708661417
"728",360,"Indonesia","18","9","0",158.77,1890,62.507874015748
"729",360,"Indonesia","19","0","0",158.96,1900,62.5826771653543
"730",360,"Indonesia","19","1","0",159.63,1910,62.8464566929134
"731",360,"Indonesia","19","2","0",160.93,1920,63.3582677165354
"732",360,"Indonesia","19","3","0",160.69,1930,63.2637795275591
"733",360,"Indonesia","19","4","0",160.4,1940,63.1496062992126
"734",360,"Indonesia","19","5","0",161.65,1950,63.6417322834646
"735",360,"Indonesia","19","6","0",162.41,1960,63.9409448818898
"736",360,"Indonesia","19","7","0",163.11,1970,64.2165354330709
"737",360,"Indonesia","19","8","0",164.01,1980,64.5708661417323
"738",418,"Lao People's Democratic Republic","18","4","0",159.6,1840,62.8346456692913
"739",418,"Lao People's Democratic Republic","18","5","0",160,1850,62.992125984252
"740",418,"Lao People's Democratic Republic","18","6","0",159,1860,62.5984251968504
"741",418,"Lao People's Democratic Republic","18","7","0",159.1,1870,62.6377952755905
"742",418,"Lao People's Democratic Republic","18","9","0",160.6,1890,63.2283464566929
"743",418,"Lao People's Democratic Republic","19","0","0",161.5,1900,63.5826771653543
"744",418,"Lao People's Democratic Republic","19","1","0",156.2,1910,61.496062992126
"745",418,"Lao People's Democratic Republic","19","2","0",159.7,1920,62.8740157480315
"746",418,"Lao People's Democratic Republic","19","3","0",160.2,1930,63.0708661417323
"747",418,"Lao People's Democratic Republic","19","4","0",163.2,1940,64.251968503937
"748",418,"Lao People's Democratic Republic","19","8","0",165.2,1980,65.0393700787401
"749",458,"Malaysia","18","4","0",159.3,1840,62.7165354330709
"750",458,"Malaysia","18","6","0",161,1860,63.3858267716535
"751",458,"Malaysia","18","7","0",157.2,1870,61.8897637795276
"752",458,"Malaysia","18","9","0",155.8,1890,61.3385826771654
"753",458,"Malaysia","19","0","0",160.5,1900,63.1889763779528
"754",458,"Malaysia","19","3","0",162.5,1930,63.9763779527559
"755",104,"Myanmar","18","5","0",161.1,1850,63.4251968503937
"756",104,"Myanmar","18","6","0",164,1860,64.5669291338583
"757",104,"Myanmar","18","7","0",161.3,1870,63.503937007874
"758",104,"Myanmar","18","8","0",160.698,1880,63.2669291338583
"759",104,"Myanmar","18","9","0",163,1890,64.1732283464567
"760",104,"Myanmar","19","0","0",163.7,1900,64.4488188976378
"761",104,"Myanmar","19","2","0",160.103,1920,63.0326771653543
"762",104,"Myanmar","19","4","0",164.8,1940,64.8818897637795
"763",104,"Myanmar","19","8","0",161.3,1980,63.503937007874
"764",608,"Philippines","18","6","0",155,1860,61.0236220472441
"765",608,"Philippines","18","7","0",159.5,1870,62.7952755905512
"766",608,"Philippines","18","8","0",158.9,1880,62.5590551181102
"767",608,"Philippines","18","9","0",161.5,1890,63.5826771653543
"768",608,"Philippines","19","0","0",160.4,1900,63.1496062992126
"769",608,"Philippines","19","3","0",163.375,1930,64.3208661417323
"770",608,"Philippines","19","4","0",164.6,1940,64.8031496062992
"771",608,"Philippines","19","8","0",165.6,1980,65.1968503937008
"772",702,"Singapore","19","7","0",172.2,1970,67.7952755905512
"773",764,"Thailand","18","6","0",160.1,1860,63.0314960629921
"774",764,"Thailand","18","7","0",161.5,1870,63.5826771653543
"775",764,"Thailand","18","8","0",162.3,1880,63.8976377952756
"776",764,"Thailand","18","9","0",161,1890,63.3858267716535
"777",764,"Thailand","19","0","0",162.1,1900,63.8188976377953
"778",764,"Thailand","19","1","0",161.5,1910,63.5826771653543
"779",764,"Thailand","19","2","0",161.33,1920,63.5157480314961
"780",764,"Thailand","19","3","0",161.2,1930,63.4645669291339
"781",704,"Viet Nam","18","3","0",157.9,1830,62.1653543307087
"782",704,"Viet Nam","18","4","0",157.5,1840,62.007874015748
"783",704,"Viet Nam","18","5","0",158.4,1850,62.3622047244095
"784",704,"Viet Nam","18","6","0",158.3,1860,62.3228346456693
"785",704,"Viet Nam","18","7","0",158.3,1870,62.3228346456693
"786",704,"Viet Nam","18","8","0",157.7,1880,62.0866141732283
"787",704,"Viet Nam","18","9","0",158.5,1890,62.4015748031496
"788",704,"Viet Nam","19","0","0",161.2,1900,63.4645669291339
"789",704,"Viet Nam","19","1","0",158,1910,62.2047244094488
"790",704,"Viet Nam","19","2","0",157.5,1920,62.007874015748
"791",704,"Viet Nam","19","3","0",158.4,1930,62.3622047244095
"792",704,"Viet Nam","19","8","0",160,1980,62.992125984252
"793",51,"Armenia","18","5","0",169.324,1850,66.6629921259843
"794",51,"Armenia","18","6","0",167.62,1860,65.992125984252
"795",51,"Armenia","18","9","0",166.2,1890,65.4330708661417
"796",51,"Armenia","19","0","0",163.58,1900,64.4015748031496
"797",51,"Armenia","19","1","0",163.75,1910,64.4685039370079
"798",51,"Armenia","19","4","0",167.99,1940,66.1377952755905
"799",51,"Armenia","19","6","0",170.601,1960,67.1657480314961
"800",51,"Armenia","19","7","0",171.749,1970,67.6177165354331
"801",51,"Armenia","19","8","0",171.653,1980,67.5799212598425
"802",31,"Azerbaijan","18","5","0",170.185,1850,67.001968503937
"803",31,"Azerbaijan","18","6","0",170.816,1860,67.2503937007874
"804",31,"Azerbaijan","19","5","0",171.216,1950,67.407874015748
"805",31,"Azerbaijan","19","6","0",171.734,1960,67.6118110236221
"806",31,"Azerbaijan","19","7","0",172.039,1970,67.7318897637795
"807",31,"Azerbaijan","19","8","0",172.153,1980,67.7767716535433
"808",48,"Bahrain","19","3","0",160.7,1930,63.2677165354331
"809",48,"Bahrain","19","4","0",163.8,1940,64.488188976378
"810",48,"Bahrain","19","5","0",164,1950,64.5669291338583
"811",196,"Cyprus","18","6","0",168.783,1860,66.45
"812",196,"Cyprus","18","7","0",169.778,1870,66.8417322834646
"813",196,"Cyprus","18","8","0",169.086,1880,66.5692913385827
"814",196,"Cyprus","18","9","0",168.334,1890,66.2732283464567
"815",268,"Georgia","18","4","0",165.5,1840,65.1574803149606
"816",268,"Georgia","18","6","0",163,1860,64.1732283464567
"817",268,"Georgia","18","9","0",164.26,1890,64.6692913385827
"818",368,"Iraq","18","8","0",168.37,1880,66.2874015748032
"819",368,"Iraq","18","9","0",166.617,1890,65.5972440944882
"820",368,"Iraq","19","0","0",168.56,1900,66.3622047244095
"821",368,"Iraq","19","1","0",166.15,1910,65.4133858267717
"822",376,"Israel","18","5","0",169.06,1850,66.5590551181102
"823",376,"Israel","18","6","0",168.85,1860,66.4763779527559
"824",376,"Israel","19","3","0",167.5,1930,65.9448818897638
"825",376,"Israel","19","4","0",165.746,1940,65.2543307086614
"826",400,"Jordan","19","4","0",166.053,1940,65.3751968503937
"827",400,"Jordan","19","5","0",169.97,1950,66.9173228346457
"828",400,"Jordan","19","6","0",170.317,1960,67.053937007874
"829",400,"Jordan","19","7","0",170.53,1970,67.1377952755905
"830",400,"Jordan","19","8","0",170.29,1980,67.0433070866142
"831",422,"Lebanon","18","5","0",166.45,1850,65.5314960629921
"832",422,"Lebanon","18","6","0",167.16,1860,65.8110236220472
"833",422,"Lebanon","18","9","0",166.39,1890,65.507874015748
"834",422,"Lebanon","19","0","0",167.28,1900,65.8582677165354
"835",422,"Lebanon","19","4","0",169.352,1940,66.6740157480315
"836",275,"Occupied Palestinian Territory","19","5","0",171,1950,67.3228346456693
"837",275,"Occupied Palestinian Territory","19","6","0",172,1960,67.7165354330709
"838",275,"Occupied Palestinian Territory","19","7","0",172.5,1970,67.9133858267717
"839",682,"Saudi Arabia","19","4","0",169.2,1940,66.6141732283464
"840",682,"Saudi Arabia","19","5","0",170.3,1950,67.0472440944882
"841",682,"Saudi Arabia","19","6","0",170.8,1960,67.244094488189
"842",682,"Saudi Arabia","19","7","0",172.3,1970,67.8346456692913
"843",760,"Syrian Arab Republic","18","5","0",166.34,1850,65.488188976378
"844",760,"Syrian Arab Republic","18","6","0",167.98,1860,66.1338582677165
"845",760,"Syrian Arab Republic","18","8","0",162.2,1880,63.8582677165354
"846",760,"Syrian Arab Republic","18","9","0",166.876,1890,65.6992125984252
"847",760,"Syrian Arab Republic","19","0","0",167.274,1900,65.855905511811
"848",792,"Turkey","18","5","0",168.66,1850,66.4015748031496
"849",792,"Turkey","18","6","0",169.06,1860,66.5590551181102
"850",792,"Turkey","18","7","0",170.08,1870,66.9606299212599
"851",792,"Turkey","18","8","0",167.414,1880,65.9110236220472
"852",792,"Turkey","18","9","0",168.41,1890,66.3031496062992
"853",792,"Turkey","19","0","0",168.417,1900,66.305905511811
"854",792,"Turkey","19","1","0",167.95,1910,66.1220472440945
"855",792,"Turkey","19","2","0",169.3,1920,66.6535433070866
"856",792,"Turkey","19","3","0",169.29,1930,66.6496062992126
"857",792,"Turkey","19","4","0",167.2,1940,65.8267716535433
"858",792,"Turkey","19","5","0",166.6,1950,65.5905511811024
"859",792,"Turkey","19","6","0",167.4,1960,65.9055118110236
"860",792,"Turkey","19","7","0",168.6,1970,66.3779527559055
"861",784,"United Arab Emirates","19","8","0",169.05,1980,66.5551181102362
"862",886,"Yemen (until 1990)","18","5","0",162.26,1850,63.8818897637795
"863",886,"Yemen (until 1990)","18","6","0",161.12,1860,63.4330708661417
"864",886,"Yemen (until 1990)","18","8","0",160.77,1880,63.2952755905512
"865",886,"Yemen (until 1990)","18","9","0",162.72,1890,64.0629921259843
"866",886,"Yemen (until 1990)","19","0","0",161.99,1900,63.7755905511811
"867",886,"Yemen (until 1990)","19","8","0",167.6,1980,65.9842519685039
"868",887,"Yemen","18","5","0",162.26,1850,63.8818897637795
"869",887,"Yemen","18","6","0",161.12,1860,63.4330708661417
"870",887,"Yemen","18","8","0",160.77,1880,63.2952755905512
"871",887,"Yemen","18","9","0",162.72,1890,64.0629921259843
"872",887,"Yemen","19","0","0",161.99,1900,63.7755905511811
"873",887,"Yemen","19","8","0",167.6,1980,65.9842519685039
"874",398,"Kazakhstan","18","4","0",165.3,1840,65.0787401574803
"875",398,"Kazakhstan","18","5","0",164.6,1850,64.8031496062992
"876",398,"Kazakhstan","18","7","0",163.4,1870,64.3307086614173
"877",398,"Kazakhstan","18","9","0",164.8,1890,64.8818897637795
"878",398,"Kazakhstan","19","0","0",165,1900,64.9606299212598
"879",398,"Kazakhstan","19","1","0",163.4,1910,64.3307086614173
"880",398,"Kazakhstan","19","2","0",166,1920,65.3543307086614
"881",398,"Kazakhstan","19","3","0",164.4,1930,64.7244094488189
"882",398,"Kazakhstan","19","5","0",170.3,1950,67.0472440944882
"883",398,"Kazakhstan","19","6","0",171.4,1960,67.4803149606299
"884",398,"Kazakhstan","19","7","0",171.3,1970,67.4409448818898
"885",417,"Kyrgyzstan","18","8","0",165.26,1880,65.0629921259843
"886",417,"Kyrgyzstan","18","9","0",164.03,1890,64.5787401574803
"887",417,"Kyrgyzstan","19","0","0",165.1,1900,65
"888",417,"Kyrgyzstan","19","1","0",165.1,1910,65
"889",417,"Kyrgyzstan","19","2","0",166.2,1920,65.4330708661417
"890",417,"Kyrgyzstan","19","3","0",164.5,1930,64.7637795275591
"891",417,"Kyrgyzstan","19","5","0",169.8,1950,66.8503937007874
"892",417,"Kyrgyzstan","19","6","0",169.8,1960,66.8503937007874
"893",417,"Kyrgyzstan","19","7","0",170.6,1970,67.1653543307087
"894",762,"Tajikistan","18","6","0",165,1860,64.9606299212598
"895",762,"Tajikistan","18","7","0",164.8,1870,64.8818897637795
"896",762,"Tajikistan","18","8","0",166.6,1880,65.5905511811024
"897",762,"Tajikistan","18","9","0",165.8,1890,65.2755905511811
"898",762,"Tajikistan","19","0","0",165.1,1900,65
"899",762,"Tajikistan","19","1","0",165.1,1910,65
"900",795,"Turkmenistan","18","9","0",168.9,1890,66.496062992126
"901",795,"Turkmenistan","19","1","0",167.93,1910,66.1141732283465
"902",795,"Turkmenistan","19","2","0",167.5,1920,65.9448818897638
"903",860,"Uzbekistan","18","9","0",165.2,1890,65.0393700787401
"904",860,"Uzbekistan","19","0","0",165.5,1900,65.1574803149606
"905",860,"Uzbekistan","19","1","0",166,1910,65.3543307086614
"906",860,"Uzbekistan","19","2","0",165.047,1920,64.9791338582677
"907",860,"Uzbekistan","19","4","0",170.323,1940,67.0562992125984
"908",860,"Uzbekistan","19","5","0",171.5,1950,67.5196850393701
"909",860,"Uzbekistan","19","6","0",171.2,1960,67.4015748031496
"910",860,"Uzbekistan","19","7","0",172,1970,67.7165354330709
"911",12,"Algeria","19","1","0",168.8,1910,66.4566929133858
"912",12,"Algeria","19","2","0",166.241,1920,65.4492125984252
"913",12,"Algeria","19","3","0",169,1930,66.5354330708661
"914",818,"Egypt","18","5","0",166.35,1850,65.492125984252
"915",818,"Egypt","18","6","0",167.69,1860,66.0196850393701
"916",818,"Egypt","18","7","0",166.88,1870,65.7007874015748
"917",818,"Egypt","18","8","0",162.99,1880,64.1692913385827
"918",818,"Egypt","19","0","0",166.2,1900,65.4330708661417
"919",818,"Egypt","19","1","0",166.21,1910,65.4370078740157
"920",818,"Egypt","19","2","0",165.11,1920,65.003937007874
"921",818,"Egypt","19","4","0",167.504,1940,65.9464566929134
"922",818,"Egypt","19","5","0",170.09,1950,66.9645669291339
"923",818,"Egypt","19","6","0",170.632,1960,67.1779527559055
"924",818,"Egypt","19","7","0",171.248,1970,67.4204724409449
"925",818,"Egypt","19","8","0",171.283,1980,67.4342519685039
"926",434,"Libya","18","9","0",166.5,1890,65.5511811023622
"927",434,"Libya","19","2","0",165.11,1920,65.003937007874
"928",504,"Morocco","18","8","0",168.6,1880,66.3779527559055
"929",504,"Morocco","19","4","0",168.107,1940,66.1838582677165
"930",504,"Morocco","19","5","0",169.012,1950,66.540157480315
"931",504,"Morocco","19","6","0",169.913,1960,66.8948818897638
"932",504,"Morocco","19","7","0",170.239,1970,67.0232283464567
"933",504,"Morocco","19","8","0",170.29,1980,67.0433070866142
"934",729,"Sudan (North)","18","7","0",167.99,1870,66.1377952755905
"935",729,"Sudan (North)","18","8","0",169.865,1880,66.8759842519685
"936",729,"Sudan (North)","18","9","0",169.836,1890,66.8645669291339
"937",729,"Sudan (North)","19","0","0",167.854,1900,66.0842519685039
"938",729,"Sudan (North)","19","1","0",169,1910,66.5354330708661
"939",729,"Sudan (North)","19","2","0",170.985,1920,67.3169291338583
"940",729,"Sudan (North)","19","3","0",167.9,1930,66.1023622047244
"941",736,"Sudan (until 2011)","18","7","0",167.99,1870,66.1377952755905
"942",736,"Sudan (until 2011)","18","8","0",169.865,1880,66.8759842519685
"943",736,"Sudan (until 2011)","18","9","0",169.836,1890,66.8645669291339
"944",736,"Sudan (until 2011)","19","0","0",167.854,1900,66.0842519685039
"945",736,"Sudan (until 2011)","19","1","0",169,1910,66.5354330708661
"946",736,"Sudan (until 2011)","19","2","0",170.985,1920,67.3169291338583
"947",736,"Sudan (until 2011)","19","3","0",167.9,1930,66.1023622047244
"948",788,"Tunisia","19","1","0",162.9,1910,64.1338582677165
"949",788,"Tunisia","19","7","0",165.3,1970,65.0787401574803
"950",204,"Benin","18","1","0",164.9,1810,64.9212598425197
"951",204,"Benin","19","1","0",168.87,1910,66.4842519685039
"952",204,"Benin","19","2","0",168.127,1920,66.1917322834646
"953",204,"Benin","19","3","0",168.2,1930,66.2204724409449
"954",204,"Benin","19","5","0",169.911,1950,66.894094488189
"955",204,"Benin","19","6","0",170.688,1960,67.2
"956",204,"Benin","19","7","0",170.286,1970,67.0417322834646
"957",204,"Benin","19","8","0",169.163,1980,66.5996062992126
"958",854,"Burkina Faso","18","1","0",166.29,1810,65.4685039370079
"959",854,"Burkina Faso","18","2","0",165.36,1820,65.1023622047244
"960",854,"Burkina Faso","18","3","0",166.72,1830,65.6377952755905
"961",854,"Burkina Faso","18","4","0",162.59,1840,64.011811023622
"962",854,"Burkina Faso","18","7","0",171.2,1870,67.4015748031496
"963",854,"Burkina Faso","18","8","0",171.463,1880,67.5051181102362
"964",854,"Burkina Faso","18","9","0",167.9,1890,66.1023622047244
"965",854,"Burkina Faso","19","0","0",171.174,1900,67.3913385826772
"966",854,"Burkina Faso","19","1","0",171.06,1910,67.3464566929134
"967",854,"Burkina Faso","19","2","0",172.4,1920,67.8740157480315
"968",854,"Burkina Faso","19","3","0",171,1930,67.3228346456693
"969",854,"Burkina Faso","19","4","0",172.451,1940,67.894094488189
"970",854,"Burkina Faso","19","5","0",172.226,1950,67.8055118110236
"971",854,"Burkina Faso","19","6","0",172.798,1960,68.0307086614173
"972",854,"Burkina Faso","19","7","0",172.844,1970,68.0488188976378
"973",854,"Burkina Faso","19","8","0",172.829,1980,68.0429133858268
"974",132,"Cape Verde","19","8","0",168.986,1980,66.5299212598425
"975",384,"Cote d'Ivoire","18","1","0",165.1,1810,65
"976",384,"Cote d'Ivoire","18","5","0",170.523,1850,67.1350393700787
"977",384,"Cote d'Ivoire","18","7","0",169.756,1870,66.8330708661417
"978",384,"Cote d'Ivoire","18","9","0",168.83,1890,66.4685039370079
"979",384,"Cote d'Ivoire","19","0","0",167.9,1900,66.1023622047244
"980",384,"Cote d'Ivoire","19","1","0",166.621,1910,65.5988188976378
"981",384,"Cote d'Ivoire","19","2","0",166.7,1920,65.6299212598425
"982",384,"Cote d'Ivoire","19","3","0",167.5,1930,65.9448818897638
"983",384,"Cote d'Ivoire","19","4","0",168.65,1940,66.3976377952756
"984",384,"Cote d'Ivoire","19","5","0",170,1950,66.9291338582677
"985",384,"Cote d'Ivoire","19","6","0",171.3,1960,67.4409448818898
"986",384,"Cote d'Ivoire","19","7","0",171.2,1970,67.4015748031496
"987",384,"Cote d'Ivoire","19","8","0",171,1980,67.3228346456693
"988",270,"Gambia","19","2","0",166.6,1920,65.5905511811024
"989",288,"Ghana","18","1","0",164.1,1810,64.6062992125984
"990",288,"Ghana","18","6","0",167.757,1860,66.046062992126
"991",288,"Ghana","18","8","0",167.8,1880,66.0629921259843
"992",288,"Ghana","18","9","0",164.2,1890,64.6456692913386
"993",288,"Ghana","19","0","0",165.9,1900,65.3149606299213
"994",288,"Ghana","19","1","0",167.1,1910,65.7874015748031
"995",288,"Ghana","19","2","0",167.1,1920,65.7874015748031
"996",288,"Ghana","19","3","0",167.65,1930,66.003937007874
"997",288,"Ghana","19","4","0",168.6,1940,66.3779527559055
"998",288,"Ghana","19","5","0",169.49,1950,66.7283464566929
"999",288,"Ghana","19","6","0",169.771,1960,66.8389763779527
"1000",288,"Ghana","19","7","0",169.926,1970,66.9
"1001",288,"Ghana","19","8","0",170.005,1980,66.9311023622047
"1002",324,"Guinea","18","7","0",169.885,1870,66.8838582677165
"1003",324,"Guinea","18","9","0",164.21,1890,64.6496062992126
"1004",324,"Guinea","19","0","0",168.4,1900,66.2992125984252
"1005",324,"Guinea","19","1","0",168.455,1910,66.3208661417323
"1006",324,"Guinea","19","2","0",168.593,1920,66.3751968503937
"1007",324,"Guinea","19","3","0",167.528,1930,65.955905511811
"1008",324,"Guinea","19","5","0",168.738,1950,66.4322834645669
"1009",324,"Guinea","19","6","0",169.621,1960,66.7799212598425
"1010",324,"Guinea","19","7","0",169.712,1970,66.8157480314961
"1011",324,"Guinea","19","8","0",169.49,1980,66.7283464566929
"1012",624,"Guinea-Bissau","18","1","0",165.4,1810,65.1181102362205
"1013",624,"Guinea-Bissau","18","9","0",168.259,1890,66.2437007874016
"1014",624,"Guinea-Bissau","19","0","0",167.721,1900,66.0318897637795
"1015",624,"Guinea-Bissau","19","1","0",167.808,1910,66.0661417322835
"1016",624,"Guinea-Bissau","19","2","0",166.096,1920,65.392125984252
"1017",624,"Guinea-Bissau","19","3","0",169.4,1930,66.6929133858268
"1018",624,"Guinea-Bissau","19","4","0",168.9,1940,66.496062992126
"1019",624,"Guinea-Bissau","19","5","0",168.9,1950,66.496062992126
"1020",430,"Liberia","19","1","0",165.38,1910,65.1102362204724
"1021",430,"Liberia","19","2","0",167.59,1920,65.9803149606299
"1022",430,"Liberia","19","3","0",167.235,1930,65.8405511811024
"1023",430,"Liberia","19","5","0",166.975,1950,65.738188976378
"1024",430,"Liberia","19","6","0",168.648,1960,66.3968503937008
"1025",430,"Liberia","19","7","0",168.472,1970,66.3275590551181
"1026",430,"Liberia","19","8","0",167.264,1980,65.851968503937
"1027",466,"Mali","18","5","0",166.467,1850,65.538188976378
"1028",466,"Mali","18","8","0",171.043,1880,67.3397637795276
"1029",466,"Mali","18","9","0",169.376,1890,66.6834645669291
"1030",466,"Mali","19","0","0",167.485,1900,65.9389763779528
"1031",466,"Mali","19","1","0",171.449,1910,67.4996062992126
"1032",466,"Mali","19","2","0",171.605,1920,67.5610236220472
"1033",466,"Mali","19","3","0",168.5,1930,66.3385826771653
"1034",466,"Mali","19","4","0",170.5,1940,67.1259842519685
"1035",466,"Mali","19","5","0",172.483,1950,67.9066929133858
"1036",466,"Mali","19","6","0",172.727,1960,68.0027559055118
"1037",466,"Mali","19","7","0",172.503,1970,67.9145669291339
"1038",466,"Mali","19","8","0",172.238,1980,67.8102362204724
"1039",478,"Mauritania","19","0","0",168.954,1900,66.5173228346457
"1040",478,"Mauritania","19","1","0",169.395,1910,66.6909448818898
"1041",478,"Mauritania","19","2","0",169.227,1920,66.6248031496063
"1042",478,"Mauritania","19","3","0",170.149,1930,66.9877952755906
"1043",562,"Niger","18","7","0",167.298,1870,65.8653543307087
"1044",562,"Niger","18","8","0",173,1880,68.1102362204724
"1045",562,"Niger","19","0","0",168.663,1900,66.4027559055118
"1046",562,"Niger","19","1","0",171.598,1910,67.5582677165354
"1047",562,"Niger","19","2","0",171.412,1920,67.4850393700787
"1048",562,"Niger","19","3","0",172.7,1930,67.992125984252
"1049",562,"Niger","19","4","0",171.179,1940,67.3933070866142
"1050",562,"Niger","19","5","0",170.946,1950,67.3015748031496
"1051",562,"Niger","19","6","0",171.44,1960,67.496062992126
"1052",562,"Niger","19","7","0",171.35,1970,67.4606299212598
"1053",562,"Niger","19","8","0",170.651,1980,67.1854330708661
"1054",566,"Nigeria","18","1","0",165.2,1810,65.0393700787401
"1055",566,"Nigeria","18","2","0",162.239,1820,63.8736220472441
"1056",566,"Nigeria","18","7","0",165.612,1870,65.2015748031496
"1057",566,"Nigeria","18","8","0",167.873,1880,66.0917322834646
"1058",566,"Nigeria","19","1","0",166.794,1910,65.6669291338583
"1059",566,"Nigeria","19","2","0",165.6,1920,65.1968503937008
"1060",566,"Nigeria","19","3","0",164.62,1930,64.8110236220472
"1061",566,"Nigeria","19","4","0",167.2,1940,65.8267716535433
"1062",566,"Nigeria","19","5","0",168.544,1950,66.355905511811
"1063",566,"Nigeria","19","6","0",169.769,1960,66.8381889763779
"1064",566,"Nigeria","19","7","0",169.654,1970,66.7929133858268
"1065",566,"Nigeria","19","8","0",169.503,1980,66.7334645669291
"1066",686,"Senegal","18","1","0",165.4,1810,65.1181102362205
"1067",686,"Senegal","18","6","0",172.545,1860,67.9311023622047
"1068",686,"Senegal","18","7","0",168.157,1870,66.2035433070866
"1069",686,"Senegal","18","9","0",171.75,1890,67.6181102362205
"1070",686,"Senegal","19","0","0",170.384,1900,67.0803149606299
"1071",686,"Senegal","19","1","0",169.26,1910,66.6377952755905
"1072",686,"Senegal","19","2","0",171.561,1920,67.5437007874016
"1073",686,"Senegal","19","3","0",171.109,1930,67.3657480314961
"1074",686,"Senegal","19","4","0",171.861,1940,67.661811023622
"1075",686,"Senegal","19","5","0",173.913,1950,68.4696850393701
"1076",686,"Senegal","19","6","0",174.091,1960,68.5397637795276
"1077",686,"Senegal","19","7","0",174.736,1970,68.7937007874016
"1078",686,"Senegal","19","8","0",174.254,1980,68.603937007874
"1079",694,"Sierra Leone","18","1","0",164.682,1810,64.8354330708661
"1080",694,"Sierra Leone","18","2","0",162.16,1820,63.8425196850394
"1081",694,"Sierra Leone","18","9","0",165.5,1890,65.1574803149606
"1082",694,"Sierra Leone","19","1","0",165.8,1910,65.2755905511811
"1083",694,"Sierra Leone","19","2","0",166.961,1920,65.7326771653543
"1084",694,"Sierra Leone","19","3","0",165.5,1930,65.1574803149606
"1085",694,"Sierra Leone","19","7","0",167.4,1970,65.9055118110236
"1086",694,"Sierra Leone","19","8","0",165.8,1980,65.2755905511811
"1087",768,"Togo","18","6","0",165.345,1860,65.0964566929134
"1088",768,"Togo","19","0","0",167,1900,65.748031496063
"1089",768,"Togo","19","2","0",168.352,1920,66.2803149606299
"1090",768,"Togo","19","5","0",170.8,1950,67.244094488189
"1091",768,"Togo","19","6","0",170.6,1960,67.1653543307087
"1092",768,"Togo","19","7","0",170.5,1970,67.1259842519685
"1093",768,"Togo","19","8","0",167.7,1980,66.0236220472441
"1094",24,"Angola","18","1","0",160.5,1810,63.1889763779528
"1095",24,"Angola","18","8","0",168.8,1880,66.4566929133858
"1096",24,"Angola","18","9","0",169.1,1890,66.5748031496063
"1097",24,"Angola","19","0","0",168.1,1900,66.1811023622047
"1098",24,"Angola","19","1","0",168,1910,66.1417322834646
"1099",24,"Angola","19","2","0",165.7,1920,65.2362204724409
"1100",24,"Angola","19","3","0",166.7,1930,65.6299212598425
"1101",120,"Cameroon","18","1","0",165.9,1810,65.3149606299213
"1102",120,"Cameroon","18","6","0",165.145,1860,65.0177165354331
"1103",120,"Cameroon","18","7","0",165.715,1870,65.242125984252
"1104",120,"Cameroon","18","8","0",166.556,1880,65.5732283464567
"1105",120,"Cameroon","18","9","0",164.085,1890,64.6003937007874
"1106",120,"Cameroon","19","0","0",166.738,1900,65.6448818897638
"1107",120,"Cameroon","19","1","0",168.765,1910,66.4429133858268
"1108",120,"Cameroon","19","2","0",166.657,1920,65.6129921259842
"1109",120,"Cameroon","19","3","0",169.5,1930,66.7322834645669
"1110",120,"Cameroon","19","5","0",171.251,1950,67.4216535433071
"1111",120,"Cameroon","19","6","0",171.519,1960,67.5271653543307
"1112",120,"Cameroon","19","7","0",171.585,1970,67.5531496062992
"1113",120,"Cameroon","19","8","0",170.967,1980,67.309842519685
"1114",140,"Central African Republic","18","8","0",167.1,1880,65.7874015748031
"1115",140,"Central African Republic","19","0","0",167.27,1900,65.8543307086614
"1116",140,"Central African Republic","19","1","0",164.866,1910,64.907874015748
"1117",140,"Central African Republic","19","2","0",163.573,1920,64.3988188976378
"1118",140,"Central African Republic","19","3","0",164,1930,64.5669291338583
"1119",140,"Central African Republic","19","5","0",169.3,1950,66.6535433070866
"1120",140,"Central African Republic","19","6","0",170.8,1960,67.244094488189
"1121",140,"Central African Republic","19","7","0",169.9,1970,66.8897637795276
"1122",148,"Chad","18","7","0",169.793,1870,66.8476377952756
"1123",148,"Chad","18","8","0",168.969,1880,66.5232283464567
"1124",148,"Chad","18","9","0",169.6,1890,66.7716535433071
"1125",148,"Chad","19","0","0",165.8,1900,65.2755905511811
"1126",148,"Chad","19","2","0",169.379,1920,66.6846456692913
"1127",148,"Chad","19","3","0",170.61,1930,67.1692913385827
"1128",148,"Chad","19","5","0",173.69,1950,68.3818897637795
"1129",148,"Chad","19","6","0",174.3,1960,68.6220472440945
"1130",148,"Chad","19","7","0",173.8,1970,68.4251968503937
"1131",148,"Chad","19","8","0",173.3,1980,68.2283464566929
"1132",178,"Congo","18","1","0",163.3,1810,64.2913385826772
"1133",178,"Congo","18","5","0",167.605,1850,65.9862204724409
"1134",178,"Congo","18","6","0",166.043,1860,65.3712598425197
"1135",178,"Congo","19","2","0",165.395,1920,65.1161417322835
"1136",178,"Congo","19","3","0",164.62,1930,64.8110236220472
"1137",178,"Congo","19","4","0",166.88,1940,65.7007874015748
"1138",178,"Congo","19","5","0",168.447,1950,66.3177165354331
"1139",178,"Congo","19","6","0",169.376,1960,66.6834645669291
"1140",178,"Congo","19","7","0",169.036,1970,66.5496062992126
"1141",178,"Congo","19","8","0",168.369,1980,66.2870078740157
"1142",180,"Democratic Republic of the Congo","18","1","0",163.3,1810,64.2913385826772
"1143",180,"Democratic Republic of the Congo","18","7","0",165.734,1870,65.2496062992126
"1144",180,"Democratic Republic of the Congo","18","8","0",163.2,1880,64.251968503937
"1145",180,"Democratic Republic of the Congo","18","9","0",162.609,1890,64.0192913385827
"1146",180,"Democratic Republic of the Congo","19","1","0",165.3,1910,65.0787401574803
"1147",180,"Democratic Republic of the Congo","19","2","0",163.146,1920,64.2307086614173
"1148",180,"Democratic Republic of the Congo","19","3","0",167.308,1930,65.8692913385827
"1149",180,"Democratic Republic of the Congo","19","5","0",168.469,1950,66.3263779527559
"1150",180,"Democratic Republic of the Congo","19","6","0",168.32,1960,66.2677165354331
"1151",180,"Democratic Republic of the Congo","19","7","0",169.049,1970,66.5547244094488
"1152",180,"Democratic Republic of the Congo","19","8","0",167.542,1980,65.9614173228346
"1153",226,"Equatorial Guinea","19","3","0",169,1930,66.5354330708661
"1154",266,"Gabon","18","1","0",165.4,1810,65.1181102362205
"1155",266,"Gabon","19","1","0",164.9,1910,64.9212598425197
"1156",266,"Gabon","19","2","0",164.311,1920,64.6893700787402
"1157",266,"Gabon","19","5","0",171.2,1950,67.4015748031496
"1158",266,"Gabon","19","6","0",170.7,1960,67.2047244094488
"1159",266,"Gabon","19","7","0",170.5,1970,67.1259842519685
"1160",266,"Gabon","19","8","0",169.7,1980,66.8110236220472
"1161",72,"Botswana","19","1","0",165.42,1910,65.1259842519685
"1162",72,"Botswana","19","8","0",167.1,1980,65.7874015748031
"1163",426,"Lesotho","19","0","0",168,1900,66.1417322834646
"1164",426,"Lesotho","19","5","0",167.97,1950,66.1299212598425
"1165",426,"Lesotho","19","6","0",168.269,1960,66.2476377952756
"1166",426,"Lesotho","19","7","0",168.535,1970,66.3523622047244
"1167",426,"Lesotho","19","8","0",167.386,1980,65.9
"1168",516,"Namibia","19","0","0",166.653,1900,65.6114173228346
"1169",516,"Namibia","19","3","0",171.11,1930,67.3661417322835
"1170",516,"Namibia","19","4","0",172.312,1940,67.8393700787402
"1171",516,"Namibia","19","5","0",171.906,1950,67.6795275590551
"1172",516,"Namibia","19","6","0",172.076,1960,67.7464566929134
"1173",516,"Namibia","19","7","0",172.242,1970,67.811811023622
"1174",516,"Namibia","19","8","0",171.343,1980,67.457874015748
"1175",710,"South Africa","18","9","0",170.364,1890,67.0724409448819
"1176",710,"South Africa","19","0","0",169.898,1900,66.8889763779528
"1177",710,"South Africa","19","1","0",169.704,1910,66.8125984251969
"1178",710,"South Africa","19","2","0",169.214,1920,66.6196850393701
"1179",710,"South Africa","19","3","0",169.984,1930,66.9228346456693
"1180",710,"South Africa","19","4","0",168.225,1940,66.2303149606299
"1181",710,"South Africa","19","5","0",170.1,1950,66.9685039370079
"1182",710,"South Africa","19","6","0",169.5,1960,66.7322834645669
"1183",710,"South Africa","19","7","0",168.9,1970,66.496062992126
"1184",710,"South Africa","19","8","0",168.1,1980,66.1811023622047
"1185",748,"Swaziland","19","3","0",168.812,1930,66.4614173228346
"1186",748,"Swaziland","19","5","0",169.473,1950,66.7216535433071
"1187",748,"Swaziland","19","6","0",169.884,1960,66.8834645669291
"1188",748,"Swaziland","19","7","0",170.493,1970,67.1232283464567
"1189",748,"Swaziland","19","8","0",170.238,1980,67.0228346456693
"1190",108,"Burundi","19","2","0",166.14,1920,65.4094488188976
"1191",108,"Burundi","19","3","0",169.355,1930,66.6751968503937
"1192",174,"Comoros","19","5","0",166.8,1950,65.6692913385827
"1193",174,"Comoros","19","6","0",167,1960,65.748031496063
"1194",174,"Comoros","19","7","0",167,1970,65.748031496063
"1195",262,"Djibouti","19","8","0",168.893,1980,66.4933070866142
"1196",232,"Eritrea","18","6","0",166.282,1860,65.4653543307087
"1197",232,"Eritrea","18","8","0",165.342,1880,65.0952755905512
"1198",232,"Eritrea","19","3","0",164,1930,64.5669291338583
"1199",232,"Eritrea","19","5","0",156.7,1950,61.6929133858268
"1200",232,"Eritrea","19","6","0",155.75,1960,61.3188976377953
"1201",232,"Eritrea","19","7","0",156,1970,61.4173228346457
"1202",230,"Ethiopia (until 1993)","18","6","0",169.3,1860,66.6535433070866
"1203",230,"Ethiopia (until 1993)","18","8","0",167.461,1880,65.9295275590551
"1204",230,"Ethiopia (until 1993)","19","1","0",161.451,1910,63.5633858267717
"1205",230,"Ethiopia (until 1993)","19","2","0",166.636,1920,65.6047244094488
"1206",230,"Ethiopia (until 1993)","19","3","0",167.27,1930,65.8543307086614
"1207",230,"Ethiopia (until 1993)","19","4","0",168.5,1940,66.3385826771653
"1208",230,"Ethiopia (until 1993)","19","5","0",166.823,1950,65.6783464566929
"1209",230,"Ethiopia (until 1993)","19","6","0",167.512,1960,65.9496062992126
"1210",230,"Ethiopia (until 1993)","19","7","0",167.49,1970,65.9409448818898
"1211",230,"Ethiopia (until 1993)","19","8","0",167.253,1980,65.8476377952756
"1212",231,"Ethiopia (from 1993)","18","6","0",169.3,1860,66.6535433070866
"1213",231,"Ethiopia (from 1993)","18","8","0",167.461,1880,65.9295275590551
"1214",231,"Ethiopia (from 1993)","19","1","0",161.451,1910,63.5633858267717
"1215",231,"Ethiopia (from 1993)","19","2","0",166.636,1920,65.6047244094488
"1216",231,"Ethiopia (from 1993)","19","3","0",167.27,1930,65.8543307086614
"1217",231,"Ethiopia (from 1993)","19","4","0",168.5,1940,66.3385826771653
"1218",231,"Ethiopia (from 1993)","19","5","0",166.823,1950,65.6783464566929
"1219",231,"Ethiopia (from 1993)","19","6","0",167.512,1960,65.9496062992126
"1220",231,"Ethiopia (from 1993)","19","7","0",167.49,1970,65.9409448818898
"1221",231,"Ethiopia (from 1993)","19","8","0",167.253,1980,65.8476377952756
"1222",404,"Kenya","18","8","0",164.535,1880,64.7775590551181
"1223",404,"Kenya","18","9","0",166,1890,65.3543307086614
"1224",404,"Kenya","19","0","0",166.7,1900,65.6299212598425
"1225",404,"Kenya","19","1","0",168.079,1910,66.1728346456693
"1226",404,"Kenya","19","2","0",167.698,1920,66.0228346456693
"1227",404,"Kenya","19","5","0",169.884,1950,66.8834645669291
"1228",404,"Kenya","19","6","0",170.745,1960,67.2224409448819
"1229",404,"Kenya","19","7","0",170.902,1970,67.2842519685039
"1230",404,"Kenya","19","8","0",171.221,1980,67.409842519685
"1231",450,"Madagascar","18","6","0",163.918,1860,64.5346456692913
"1232",450,"Madagascar","19","0","0",163.151,1900,64.2326771653543
"1233",450,"Madagascar","19","1","0",163.154,1910,64.2338582677165
"1234",450,"Madagascar","19","2","0",163.45,1920,64.3503937007874
"1235",450,"Madagascar","19","5","0",164.056,1950,64.5889763779528
"1236",450,"Madagascar","19","6","0",164.954,1960,64.9425196850394
"1237",450,"Madagascar","19","7","0",163.884,1970,64.5212598425197
"1238",450,"Madagascar","19","8","0",162.874,1980,64.1236220472441
"1239",454,"Malawi","18","7","0",166.65,1870,65.6102362204724
"1240",454,"Malawi","19","2","0",168.42,1920,66.3070866141732
"1241",454,"Malawi","19","3","0",165.6,1930,65.1968503937008
"1242",454,"Malawi","19","4","0",166.202,1940,65.4338582677165
"1243",454,"Malawi","19","5","0",166.617,1950,65.5972440944882
"1244",454,"Malawi","19","6","0",167.089,1960,65.7830708661417
"1245",454,"Malawi","19","7","0",166.729,1970,65.6413385826772
"1246",454,"Malawi","19","8","0",166.244,1980,65.4503937007874
"1247",508,"Mozambique","18","1","0",164.1,1810,64.6062992125984
"1248",508,"Mozambique","18","7","0",167.05,1870,65.7677165354331
"1249",508,"Mozambique","19","0","0",169.613,1900,66.7767716535433
"1250",508,"Mozambique","19","1","0",166.667,1910,65.6169291338583
"1251",508,"Mozambique","19","2","0",168.639,1920,66.3933070866142
"1252",508,"Mozambique","19","3","0",167.29,1930,65.8622047244095
"1253",508,"Mozambique","19","5","0",165.967,1950,65.3413385826772
"1254",508,"Mozambique","19","6","0",166.269,1960,65.4602362204724
"1255",508,"Mozambique","19","7","0",165.547,1970,65.1759842519685
"1256",508,"Mozambique","19","8","0",165.15,1980,65.0196850393701
"1257",646,"Rwanda","19","1","0",172,1910,67.7165354330709
"1258",646,"Rwanda","19","2","0",171.566,1920,67.5456692913386
"1259",646,"Rwanda","19","3","0",169.321,1930,66.6618110236221
"1260",646,"Rwanda","19","5","0",168.887,1950,66.4909448818898
"1261",646,"Rwanda","19","6","0",168.804,1960,66.4582677165354
"1262",646,"Rwanda","19","7","0",167.908,1970,66.1055118110236
"1263",646,"Rwanda","19","8","0",167.162,1980,65.811811023622
"1264",706,"Somalia","18","8","0",172.75,1880,68.011811023622
"1265",706,"Somalia","18","9","0",171.4,1890,67.4803149606299
"1266",706,"Somalia","19","0","0",171.9,1900,67.6771653543307
"1267",706,"Somalia","19","1","0",171.068,1910,67.3496062992126
"1268",706,"Somalia","19","2","0",168.69,1920,66.4133858267716
"1269",706,"Somalia","19","3","0",172.9,1930,68.0708661417323
"1270",800,"Uganda","18","7","0",168.07,1870,66.1692913385827
"1271",800,"Uganda","18","8","0",166.311,1880,65.4767716535433
"1272",800,"Uganda","18","9","0",166.425,1890,65.5216535433071
"1273",800,"Uganda","19","1","0",165.96,1910,65.3385826771654
"1274",800,"Uganda","19","2","0",167.486,1920,65.9393700787402
"1275",800,"Uganda","19","3","0",164.892,1930,64.9181102362205
"1276",800,"Uganda","19","5","0",169.822,1950,66.8590551181102
"1277",800,"Uganda","19","6","0",170.087,1960,66.9633858267716
"1278",800,"Uganda","19","7","0",169.612,1970,66.7763779527559
"1279",800,"Uganda","19","8","0",169.274,1980,66.6433070866142
"1280",834,"United Republic of Tanzania","18","7","0",167.769,1870,66.0507874015748
"1281",834,"United Republic of Tanzania","18","8","0",168.516,1880,66.3448818897638
"1282",834,"United Republic of Tanzania","18","9","0",167.669,1890,66.0114173228346
"1283",834,"United Republic of Tanzania","19","1","0",164.965,1910,64.9468503937008
"1284",834,"United Republic of Tanzania","19","2","0",165.788,1920,65.2708661417323
"1285",834,"United Republic of Tanzania","19","3","0",166.6,1930,65.5905511811024
"1286",834,"United Republic of Tanzania","19","4","0",165.569,1940,65.1846456692913
"1287",834,"United Republic of Tanzania","19","5","0",166.195,1950,65.4311023622047
"1288",834,"United Republic of Tanzania","19","6","0",167.167,1960,65.813779527559
"1289",834,"United Republic of Tanzania","19","7","0",167.805,1970,66.0649606299213
"1290",834,"United Republic of Tanzania","19","8","0",166.861,1980,65.6933070866142
"1291",894,"Zambia","19","4","0",168.063,1940,66.1665354330709
"1292",894,"Zambia","19","5","0",169.635,1950,66.7854330708661
"1293",894,"Zambia","19","6","0",169.719,1960,66.8185039370079
"1294",894,"Zambia","19","7","0",168.932,1970,66.5086614173228
"1295",894,"Zambia","19","8","0",168.194,1980,66.2181102362205
"1296",716,"Zimbabwe","18","9","0",169.045,1890,66.5531496062992
"1297",716,"Zimbabwe","19","0","0",167.63,1900,65.996062992126
"1298",716,"Zimbabwe","19","5","0",170.988,1950,67.3181102362205
"1299",716,"Zimbabwe","19","6","0",171.076,1960,67.3527559055118
"1300",716,"Zimbabwe","19","7","0",171.34,1970,67.4566929133858
"1301",716,"Zimbabwe","19","8","0",171.004,1980,67.3244094488189
